#
# There is insufficient memory for the Java Runtime Environment to continue.
# Native memory allocation (mmap) failed to map 480247808 bytes. Error detail: G1 virtual space
# Possible reasons:
#   The system is out of physical RAM or swap space
#   This process is running with CompressedOops enabled, and the Java Heap may be blocking the growth of the native heap
# Possible solutions:
#   Reduce memory load on the system
#   Increase physical memory or swap space
#   Check if swap backing store is full
#   Decrease Java heap size (-Xmx/-Xms)
#   Decrease number of Java threads
#   Decrease Java thread stack sizes (-Xss)
#   Set larger code cache with -XX:ReservedCodeCacheSize=
#   JVM is running with Zero Based Compressed Oops mode in which the Java heap is
#     placed in the first 32GB address space. The Java Heap base address is the
#     maximum limit for the native heap growth. Please use -XX:HeapBaseMinAddress
#     to set the Java Heap base and to place the Java Heap above 32GB virtual address.
# This output file may be truncated or incomplete.
#
#  Out of Memory Error (os_windows.cpp:3737), pid=36364, tid=6372
#
# JRE version: OpenJDK Runtime Environment Microsoft-13106404 (21.0.10+7) (build 21.0.10+7-LTS)
# Java VM: OpenJDK 64-Bit Server VM Microsoft-13106404 (21.0.10+7-LTS, mixed mode, sharing, tiered, compressed oops, compressed class ptrs, g1 gc, windows-amd64)
# No core dump will be written. Minidumps are not enabled by default on client versions of Windows
#

---------------  S U M M A R Y ------------

Command Line: --enable-native-access=ALL-UNNAMED --add-exports=javafx.graphics/com.sun.javafx.tk=ALL-UNNAMED --add-exports=javafx.graphics/com.sun.glass.ui=ALL-UNNAMED -Djava.library.path=C:\Users\robya\IdeaProjects\PiDev\JDBC_workshop/lib:C:\Users\robya\IdeaProjects\PiDev\JDBC_workshop\target/lib --module-path=C:\Users\robya\.m2\repository\org\openjfx\javafx-base\21.0.2\javafx-base-21.0.2-win.jar;C:\Users\robya\.m2\repository\org\openjfx\javafx-base\21.0.2\javafx-base-21.0.2.jar;C:\Users\robya\.m2\repository\org\openjfx\javafx-controls\21.0.2\javafx-controls-21.0.2-win.jar;C:\Users\robya\.m2\repository\org\openjfx\javafx-controls\21.0.2\javafx-controls-21.0.2.jar;C:\Users\robya\.m2\repository\org\openjfx\javafx-fxml\21.0.2\javafx-fxml-21.0.2-win.jar;C:\Users\robya\.m2\repository\org\openjfx\javafx-fxml\21.0.2\javafx-fxml-21.0.2.jar;C:\Users\robya\.m2\repository\org\openjfx\javafx-graphics\21.0.2\javafx-graphics-21.0.2-win.jar;C:\Users\robya\.m2\repository\org\openjfx\javafx-graphics\21.0.2\javafx-graphics-21.0.2.jar;C:\Users\robya\.m2\repository\org\openjfx\javafx-media\21.0.2\javafx-media-21.0.2-win.jar;C:\Users\robya\.m2\repository\org\openjfx\javafx-media\21.0.2\javafx-media-21.0.2.jar;C:\Users\robya\.m2\repository\org\openjfx\javafx-swing\21.0.2\javafx-swing-21.0.2-win.jar;C:\Users\robya\.m2\repository\org\openjfx\javafx-swing\21.0.2\javafx-swing-21.0.2.jar;C:\Users\robya\.m2\repository\org\openjfx\javafx-web\21.0.2\javafx-web-21.0.2-win.jar;C:\Users\robya\.m2\repository\org\openjfx\javafx-web\21.0.2\javafx-web-21.0.2.jar --add-modules=javafx.base,javafx.controls,javafx.fxml,javafx.graphics,javafx.media,javafx.swing,javafx.web test.MainFX

Host: 12th Gen Intel(R) Core(TM) i7-12700H, 20 cores, 15G,  Windows 11 , 64 bit Build 26100 (10.0.26100.7623)
Time: Wed Mar  4 03:53:36 2026 Afr. centrale Ouest elapsed time: 21.673206 seconds (0d 0h 0m 21s)

---------------  T H R E A D  ---------------

Current thread (0x000001f3e250b390):  VMThread "VM Thread"          [id=6372, stack(0x000000e02a600000,0x000000e02a700000) (1024K)]

Stack: [0x000000e02a600000,0x000000e02a700000]
Native frames: (J=compiled Java code, j=interpreted, Vv=VM code, C=native code)
V  [jvm.dll+0x6dfe69]  (no source info available)
V  [jvm.dll+0x8bfe4b]  (no source info available)
V  [jvm.dll+0x8c23da]  (no source info available)
V  [jvm.dll+0x8c2ab3]  (no source info available)
V  [jvm.dll+0x28a9e6]  (no source info available)
V  [jvm.dll+0x6df315]  (no source info available)
V  [jvm.dll+0x6d325a]  (no source info available)
V  [jvm.dll+0x367a0e]  (no source info available)
V  [jvm.dll+0x36f8db]  (no source info available)
V  [jvm.dll+0x3c13a9]  (no source info available)
V  [jvm.dll+0x3c164b]  (no source info available)
V  [jvm.dll+0x33b2c7]  (no source info available)
V  [jvm.dll+0x33b357]  (no source info available)
V  [jvm.dll+0x38014c]  (no source info available)
V  [jvm.dll+0x37e92e]  (no source info available)
V  [jvm.dll+0x33aa21]  (no source info available)
V  [jvm.dll+0x37df9a]  (no source info available)
V  [jvm.dll+0x8c881f]  (no source info available)
V  [jvm.dll+0x8c9d03]  (no source info available)
V  [jvm.dll+0x8ca274]  (no source info available)
V  [jvm.dll+0x8ca373]  (no source info available)
V  [jvm.dll+0x86ab8d]  (no source info available)
V  [jvm.dll+0x6e141d]  (no source info available)
C  [ucrtbase.dll+0x37b0]  (no source info available)
C  [KERNEL32.DLL+0x2e8d7]  (no source info available)
C  [ntdll.dll+0x8c53c]  (no source info available)

VM_Operation (0x000000e02b7fc9b0): G1CollectForAllocation, mode: safepoint, requested by thread 0x000001f428841390


---------------  P R O C E S S  ---------------

Threads class SMR info:
_java_thread_list=0x000001f428991580, length=16, elements={
0x000001f3c2ca73c0, 0x000001f42800b790, 0x000001f42800c3f0, 0x000001f42800f930,
0x000001f4280104c0, 0x000001f4280112d0, 0x000001f428011d30, 0x000001f42803f1c0,
0x000001f428053170, 0x000001f4282d6190, 0x000001f4285cb2f0, 0x000001f4287d3080,
0x000001f42901d040, 0x000001f428841390, 0x000001f429286f90, 0x000001f4323b0630
}

Java Threads: ( => current thread )
  0x000001f3c2ca73c0 JavaThread "main"                              [_thread_blocked, id=36812, stack(0x000000e029f00000,0x000000e02a000000) (1024K)]
  0x000001f42800b790 JavaThread "Reference Handler"          daemon [_thread_blocked, id=34648, stack(0x000000e02a700000,0x000000e02a800000) (1024K)]
  0x000001f42800c3f0 JavaThread "Finalizer"                  daemon [_thread_blocked, id=23448, stack(0x000000e02a800000,0x000000e02a900000) (1024K)]
  0x000001f42800f930 JavaThread "Signal Dispatcher"          daemon [_thread_blocked, id=4108, stack(0x000000e02a900000,0x000000e02aa00000) (1024K)]
  0x000001f4280104c0 JavaThread "Attach Listener"            daemon [_thread_blocked, id=35056, stack(0x000000e02aa00000,0x000000e02ab00000) (1024K)]
  0x000001f4280112d0 JavaThread "Service Thread"             daemon [_thread_blocked, id=35420, stack(0x000000e02ab00000,0x000000e02ac00000) (1024K)]
  0x000001f428011d30 JavaThread "Monitor Deflation Thread"   daemon [_thread_blocked, id=31668, stack(0x000000e02ac00000,0x000000e02ad00000) (1024K)]
  0x000001f42803f1c0 JavaThread "C2 CompilerThread0"         daemon [_thread_blocked, id=33796, stack(0x000000e02ad00000,0x000000e02ae00000) (1024K)]
  0x000001f428053170 JavaThread "C1 CompilerThread0"         daemon [_thread_blocked, id=35052, stack(0x000000e02ae00000,0x000000e02af00000) (1024K)]
  0x000001f4282d6190 JavaThread "Common-Cleaner"             daemon [_thread_blocked, id=36348, stack(0x000000e02b100000,0x000000e02b200000) (1024K)]
  0x000001f4285cb2f0 JavaThread "Notification Thread"        daemon [_thread_blocked, id=35076, stack(0x000000e02b800000,0x000000e02b900000) (1024K)]
  0x000001f4287d3080 JavaThread "QuantumRenderer-0"          daemon [_thread_blocked, id=36660, stack(0x000000e02b900000,0x000000e02ba00000) (1024K)]
  0x000001f42901d040 JavaThread "InvokeLaterDispatcher"      daemon [_thread_blocked, id=33500, stack(0x000000e02be00000,0x000000e02bf00000) (1024K)]
  0x000001f428841390 JavaThread "JavaFX Application Thread"         [_thread_blocked, id=23660, stack(0x000000e02b700000,0x000000e02b800000) (1024K)]
  0x000001f429286f90 JavaThread "Thread-1"                   daemon [_thread_blocked, id=35236, stack(0x000000e02c200000,0x000000e02c300000) (1024K)]
  0x000001f4323b0630 JavaThread "JavaCPP Deallocator"        daemon [_thread_blocked, id=33452, stack(0x000000e02c600000,0x000000e02c700000) (1024K)]
Total: 16

Other Threads:
=>0x000001f3e250b390 VMThread "VM Thread"                           [id=6372, stack(0x000000e02a600000,0x000000e02a700000) (1024K)]
  0x000001f3e24fa6e0 WatcherThread "VM Periodic Task Thread"        [id=36716, stack(0x000000e02a500000,0x000000e02a600000) (1024K)]
  0x000001f3c2d10690 WorkerThread "GC Thread#0"                     [id=36700, stack(0x000000e02a000000,0x000000e02a100000) (1024K)]
  0x000001f42830f280 WorkerThread "GC Thread#1"                     [id=21848, stack(0x000000e02b400000,0x000000e02b500000) (1024K)]
  0x000001f429186880 WorkerThread "GC Thread#2"                     [id=35636, stack(0x000000e02b500000,0x000000e02b600000) (1024K)]
  0x000001f429186c30 WorkerThread "GC Thread#3"                     [id=36656, stack(0x000000e02b600000,0x000000e02b700000) (1024K)]
  0x000001f429186fe0 WorkerThread "GC Thread#4"                     [id=26412, stack(0x000000e02c000000,0x000000e02c100000) (1024K)]
  0x000001f42916da40 WorkerThread "GC Thread#5"                     [id=10484, stack(0x000000e02c100000,0x000000e02c200000) (1024K)]
  0x000001f3c2d21150 ConcurrentGCThread "G1 Main Marker"            [id=36796, stack(0x000000e02a100000,0x000000e02a200000) (1024K)]
  0x000001f3c2d21c60 WorkerThread "G1 Conc#0"                       [id=36808, stack(0x000000e02a200000,0x000000e02a300000) (1024K)]
  0x000001f3e23cd9a0 ConcurrentGCThread "G1 Refine#0"               [id=36764, stack(0x000000e02a300000,0x000000e02a400000) (1024K)]
  0x000001f3e23ce1d0 ConcurrentGCThread "G1 Service"                [id=36792, stack(0x000000e02a400000,0x000000e02a500000) (1024K)]
Total: 12

Threads with active compile tasks:
C2 CompilerThread0  21686 1789       4       jdk.internal.loader.BuiltinClassLoader::findResources (182 bytes)
Total: 1

VM state: at safepoint (normal execution)

VM Mutex/Monitor currently owned by a thread:  ([mutex/lock_event])
[0x00007ffa2a11b8a0] Threads_lock - owner thread: 0x000001f3e250b390
[0x00007ffa2a11b9a0] Heap_lock - owner thread: 0x000001f428841390

Heap address: 0x0000000705200000, size: 4014 MB, Compressed Oops mode: Zero based, Oop shift amount: 3

CDS archive(s) mapped at: [0x000001f3e3000000-0x000001f3e3c80000-0x000001f3e3c80000), size 13107200, SharedBaseAddress: 0x000001f3e3000000, ArchiveRelocationMode: 1.
Compressed class space mapped at: 0x000001f3e4000000-0x000001f424000000, reserved size: 1073741824
Narrow klass base: 0x000001f3e3000000, Narrow klass shift: 0, Narrow klass range: 0x100000000

GC Precious Log:
 CardTable entry size: 512
 Card Set container configuration: InlinePtr #cards 4 size 8 Array Of Cards #cards 16 size 48 Howl #buckets 8 coarsen threshold 3686 Howl Bitmap #cards 512 size 80 coarsen threshold 460 Card regions per heap region 1 cards per card region 4096
 CPUs: 20 total, 20 available
 Memory: 16049M
 Large Page Support: Disabled
 NUMA Support: Disabled
 Compressed Oops: Enabled (Zero based)
 Heap Region Size: 2M
 Heap Min Capacity: 8M
 Heap Initial Capacity: 252M
 Heap Max Capacity: 4014M
 Pre-touch: Disabled
 Parallel Workers: 15
 Concurrent Workers: 4
 Concurrent Refinement Workers: 15
 Periodic GC: Disabled

Heap:
 garbage-first heap   total 258048K, used 10780K [0x0000000705200000, 0x0000000800000000)
  region size 2048K, 1 young (2048K), 1 survivors (2048K)
 Metaspace       used 9413K, committed 9600K, reserved 1114112K
  class space    used 487K, committed 576K, reserved 1048576K

Heap Regions: E=young(eden), S=young(survivor), O=old, HS=humongous(starts), HC=humongous(continues), CS=collection set, F=free, TAMS=top-at-mark-start, PB=parsable bottom
|   0|0x0000000705200000, 0x0000000705400000, 0x0000000705400000|100%| O|  |TAMS 0x0000000705200000| PB 0x0000000705200000| Untracked 
|   1|0x0000000705400000, 0x0000000705600000, 0x0000000705600000|100%| O|  |TAMS 0x0000000705400000| PB 0x0000000705400000| Untracked 
|   2|0x0000000705600000, 0x00000007056728e8, 0x0000000705800000| 22%| O|  |TAMS 0x0000000705600000| PB 0x0000000705600000| Untracked 
|   3|0x0000000705800000, 0x0000000705a00000, 0x0000000705a00000|100%| O|  |TAMS 0x0000000705800000| PB 0x0000000705800000| Untracked 
|   4|0x0000000705a00000, 0x0000000705c00000, 0x0000000705c00000|100%| O|  |TAMS 0x0000000705a00000| PB 0x0000000705a00000| Untracked 
|   5|0x0000000705c00000, 0x0000000705e00000, 0x0000000705e00000|100%| O|  |TAMS 0x0000000705c00000| PB 0x0000000705c00000| Untracked 
|   6|0x0000000705e00000, 0x0000000705e00000, 0x0000000706000000|  0%| F|  |TAMS 0x0000000705e00000| PB 0x0000000705e00000| Untracked 
|   7|0x0000000706000000, 0x0000000706000000, 0x0000000706200000|  0%| F|  |TAMS 0x0000000706000000| PB 0x0000000706000000| Untracked 
|   8|0x0000000706200000, 0x0000000706200000, 0x0000000706400000|  0%| F|  |TAMS 0x0000000706200000| PB 0x0000000706200000| Untracked 
|   9|0x0000000706400000, 0x0000000706400000, 0x0000000706600000|  0%| F|  |TAMS 0x0000000706400000| PB 0x0000000706400000| Untracked 
|  10|0x0000000706600000, 0x0000000706600000, 0x0000000706800000|  0%| F|  |TAMS 0x0000000706600000| PB 0x0000000706600000| Untracked 
|  11|0x0000000706800000, 0x0000000706800000, 0x0000000706a00000|  0%| F|  |TAMS 0x0000000706800000| PB 0x0000000706800000| Untracked 
|  12|0x0000000706a00000, 0x0000000706a00000, 0x0000000706c00000|  0%| F|  |TAMS 0x0000000706a00000| PB 0x0000000706a00000| Untracked 
|  13|0x0000000706c00000, 0x0000000706c00000, 0x0000000706e00000|  0%| F|  |TAMS 0x0000000706c00000| PB 0x0000000706c00000| Untracked 
|  14|0x0000000706e00000, 0x0000000706e00000, 0x0000000707000000|  0%| F|  |TAMS 0x0000000706e00000| PB 0x0000000706e00000| Untracked 
|  15|0x0000000707000000, 0x0000000707000000, 0x0000000707200000|  0%| F|  |TAMS 0x0000000707000000| PB 0x0000000707000000| Untracked 
|  16|0x0000000707200000, 0x0000000707200000, 0x0000000707400000|  0%| F|  |TAMS 0x0000000707200000| PB 0x0000000707200000| Untracked 
|  17|0x0000000707400000, 0x0000000707400000, 0x0000000707600000|  0%| F|  |TAMS 0x0000000707400000| PB 0x0000000707400000| Untracked 
|  18|0x0000000707600000, 0x0000000707600000, 0x0000000707800000|  0%| F|  |TAMS 0x0000000707600000| PB 0x0000000707600000| Untracked 
|  19|0x0000000707800000, 0x0000000707800000, 0x0000000707a00000|  0%| F|  |TAMS 0x0000000707800000| PB 0x0000000707800000| Untracked 
|  20|0x0000000707a00000, 0x0000000707a00000, 0x0000000707c00000|  0%| F|  |TAMS 0x0000000707a00000| PB 0x0000000707a00000| Untracked 
|  21|0x0000000707c00000, 0x0000000707c00000, 0x0000000707e00000|  0%| F|  |TAMS 0x0000000707c00000| PB 0x0000000707c00000| Untracked 
|  22|0x0000000707e00000, 0x0000000707e00000, 0x0000000708000000|  0%| F|  |TAMS 0x0000000707e00000| PB 0x0000000707e00000| Untracked 
|  23|0x0000000708000000, 0x0000000708000000, 0x0000000708200000|  0%| F|  |TAMS 0x0000000708000000| PB 0x0000000708000000| Untracked 
|  24|0x0000000708200000, 0x0000000708200000, 0x0000000708400000|  0%| F|  |TAMS 0x0000000708200000| PB 0x0000000708200000| Untracked 
|  25|0x0000000708400000, 0x0000000708400000, 0x0000000708600000|  0%| F|  |TAMS 0x0000000708400000| PB 0x0000000708400000| Untracked 
|  26|0x0000000708600000, 0x0000000708600000, 0x0000000708800000|  0%| F|  |TAMS 0x0000000708600000| PB 0x0000000708600000| Untracked 
|  27|0x0000000708800000, 0x0000000708800000, 0x0000000708a00000|  0%| F|  |TAMS 0x0000000708800000| PB 0x0000000708800000| Untracked 
|  28|0x0000000708a00000, 0x0000000708a00000, 0x0000000708c00000|  0%| F|  |TAMS 0x0000000708a00000| PB 0x0000000708a00000| Untracked 
|  29|0x0000000708c00000, 0x0000000708c00000, 0x0000000708e00000|  0%| F|  |TAMS 0x0000000708c00000| PB 0x0000000708c00000| Untracked 
|  30|0x0000000708e00000, 0x0000000708e00000, 0x0000000709000000|  0%| F|  |TAMS 0x0000000708e00000| PB 0x0000000708e00000| Untracked 
|  31|0x0000000709000000, 0x0000000709000000, 0x0000000709200000|  0%| F|  |TAMS 0x0000000709000000| PB 0x0000000709000000| Untracked 
|  32|0x0000000709200000, 0x0000000709200000, 0x0000000709400000|  0%| F|  |TAMS 0x0000000709200000| PB 0x0000000709200000| Untracked 
|  33|0x0000000709400000, 0x0000000709400000, 0x0000000709600000|  0%| F|  |TAMS 0x0000000709400000| PB 0x0000000709400000| Untracked 
|  34|0x0000000709600000, 0x0000000709600000, 0x0000000709800000|  0%| F|  |TAMS 0x0000000709600000| PB 0x0000000709600000| Untracked 
|  35|0x0000000709800000, 0x0000000709800000, 0x0000000709a00000|  0%| F|  |TAMS 0x0000000709800000| PB 0x0000000709800000| Untracked 
|  36|0x0000000709a00000, 0x0000000709a00000, 0x0000000709c00000|  0%| F|  |TAMS 0x0000000709a00000| PB 0x0000000709a00000| Untracked 
|  37|0x0000000709c00000, 0x0000000709c00000, 0x0000000709e00000|  0%| F|  |TAMS 0x0000000709c00000| PB 0x0000000709c00000| Untracked 
|  38|0x0000000709e00000, 0x0000000709e00000, 0x000000070a000000|  0%| F|  |TAMS 0x0000000709e00000| PB 0x0000000709e00000| Untracked 
|  39|0x000000070a000000, 0x000000070a000000, 0x000000070a200000|  0%| F|  |TAMS 0x000000070a000000| PB 0x000000070a000000| Untracked 
|  40|0x000000070a200000, 0x000000070a200000, 0x000000070a400000|  0%| F|  |TAMS 0x000000070a200000| PB 0x000000070a200000| Untracked 
|  41|0x000000070a400000, 0x000000070a400000, 0x000000070a600000|  0%| F|  |TAMS 0x000000070a400000| PB 0x000000070a400000| Untracked 
|  42|0x000000070a600000, 0x000000070a600000, 0x000000070a800000|  0%| F|  |TAMS 0x000000070a600000| PB 0x000000070a600000| Untracked 
|  43|0x000000070a800000, 0x000000070a800000, 0x000000070aa00000|  0%| F|  |TAMS 0x000000070a800000| PB 0x000000070a800000| Untracked 
|  44|0x000000070aa00000, 0x000000070aa00000, 0x000000070ac00000|  0%| F|  |TAMS 0x000000070aa00000| PB 0x000000070aa00000| Untracked 
|  45|0x000000070ac00000, 0x000000070ac00000, 0x000000070ae00000|  0%| F|  |TAMS 0x000000070ac00000| PB 0x000000070ac00000| Untracked 
|  46|0x000000070ae00000, 0x000000070ae00000, 0x000000070b000000|  0%| F|  |TAMS 0x000000070ae00000| PB 0x000000070ae00000| Untracked 
|  47|0x000000070b000000, 0x000000070b000000, 0x000000070b200000|  0%| F|  |TAMS 0x000000070b000000| PB 0x000000070b000000| Untracked 
|  48|0x000000070b200000, 0x000000070b200000, 0x000000070b400000|  0%| F|  |TAMS 0x000000070b200000| PB 0x000000070b200000| Untracked 
|  49|0x000000070b400000, 0x000000070b400000, 0x000000070b600000|  0%| F|  |TAMS 0x000000070b400000| PB 0x000000070b400000| Untracked 
|  50|0x000000070b600000, 0x000000070b600000, 0x000000070b800000|  0%| F|  |TAMS 0x000000070b600000| PB 0x000000070b600000| Untracked 
|  51|0x000000070b800000, 0x000000070b800000, 0x000000070ba00000|  0%| F|  |TAMS 0x000000070b800000| PB 0x000000070b800000| Untracked 
|  52|0x000000070ba00000, 0x000000070ba00000, 0x000000070bc00000|  0%| F|  |TAMS 0x000000070ba00000| PB 0x000000070ba00000| Untracked 
|  53|0x000000070bc00000, 0x000000070bc00000, 0x000000070be00000|  0%| F|  |TAMS 0x000000070bc00000| PB 0x000000070bc00000| Untracked 
|  54|0x000000070be00000, 0x000000070be00000, 0x000000070c000000|  0%| F|  |TAMS 0x000000070be00000| PB 0x000000070be00000| Untracked 
|  55|0x000000070c000000, 0x000000070c000000, 0x000000070c200000|  0%| F|  |TAMS 0x000000070c000000| PB 0x000000070c000000| Untracked 
|  56|0x000000070c200000, 0x000000070c200000, 0x000000070c400000|  0%| F|  |TAMS 0x000000070c200000| PB 0x000000070c200000| Untracked 
|  57|0x000000070c400000, 0x000000070c400000, 0x000000070c600000|  0%| F|  |TAMS 0x000000070c400000| PB 0x000000070c400000| Untracked 
|  58|0x000000070c600000, 0x000000070c600000, 0x000000070c800000|  0%| F|  |TAMS 0x000000070c600000| PB 0x000000070c600000| Untracked 
|  59|0x000000070c800000, 0x000000070c800000, 0x000000070ca00000|  0%| F|  |TAMS 0x000000070c800000| PB 0x000000070c800000| Untracked 
|  60|0x000000070ca00000, 0x000000070ca00000, 0x000000070cc00000|  0%| F|  |TAMS 0x000000070ca00000| PB 0x000000070ca00000| Untracked 
|  61|0x000000070cc00000, 0x000000070cc00000, 0x000000070ce00000|  0%| F|  |TAMS 0x000000070cc00000| PB 0x000000070cc00000| Untracked 
|  62|0x000000070ce00000, 0x000000070ce00000, 0x000000070d000000|  0%| F|  |TAMS 0x000000070ce00000| PB 0x000000070ce00000| Untracked 
|  63|0x000000070d000000, 0x000000070d000000, 0x000000070d200000|  0%| F|  |TAMS 0x000000070d000000| PB 0x000000070d000000| Untracked 
|  64|0x000000070d200000, 0x000000070d200000, 0x000000070d400000|  0%| F|  |TAMS 0x000000070d200000| PB 0x000000070d200000| Untracked 
|  65|0x000000070d400000, 0x000000070d400000, 0x000000070d600000|  0%| F|  |TAMS 0x000000070d400000| PB 0x000000070d400000| Untracked 
|  66|0x000000070d600000, 0x000000070d600000, 0x000000070d800000|  0%| F|  |TAMS 0x000000070d600000| PB 0x000000070d600000| Untracked 
|  67|0x000000070d800000, 0x000000070d800000, 0x000000070da00000|  0%| F|  |TAMS 0x000000070d800000| PB 0x000000070d800000| Untracked 
|  68|0x000000070da00000, 0x000000070da00000, 0x000000070dc00000|  0%| F|  |TAMS 0x000000070da00000| PB 0x000000070da00000| Untracked 
|  69|0x000000070dc00000, 0x000000070dc00000, 0x000000070de00000|  0%| F|  |TAMS 0x000000070dc00000| PB 0x000000070dc00000| Untracked 
|  70|0x000000070de00000, 0x000000070de00000, 0x000000070e000000|  0%| F|  |TAMS 0x000000070de00000| PB 0x000000070de00000| Untracked 
|  71|0x000000070e000000, 0x000000070e000000, 0x000000070e200000|  0%| F|  |TAMS 0x000000070e000000| PB 0x000000070e000000| Untracked 
|  72|0x000000070e200000, 0x000000070e200000, 0x000000070e400000|  0%| F|  |TAMS 0x000000070e200000| PB 0x000000070e200000| Untracked 
|  73|0x000000070e400000, 0x000000070e400000, 0x000000070e600000|  0%| F|  |TAMS 0x000000070e400000| PB 0x000000070e400000| Untracked 
|  74|0x000000070e600000, 0x000000070e600000, 0x000000070e800000|  0%| F|  |TAMS 0x000000070e600000| PB 0x000000070e600000| Untracked 
|  75|0x000000070e800000, 0x000000070e800000, 0x000000070ea00000|  0%| F|  |TAMS 0x000000070e800000| PB 0x000000070e800000| Untracked 
|  76|0x000000070ea00000, 0x000000070ea00000, 0x000000070ec00000|  0%| F|  |TAMS 0x000000070ea00000| PB 0x000000070ea00000| Untracked 
|  77|0x000000070ec00000, 0x000000070ec00000, 0x000000070ee00000|  0%| F|  |TAMS 0x000000070ec00000| PB 0x000000070ec00000| Untracked 
|  78|0x000000070ee00000, 0x000000070ee00000, 0x000000070f000000|  0%| F|  |TAMS 0x000000070ee00000| PB 0x000000070ee00000| Untracked 
|  79|0x000000070f000000, 0x000000070f000000, 0x000000070f200000|  0%| F|  |TAMS 0x000000070f000000| PB 0x000000070f000000| Untracked 
|  80|0x000000070f200000, 0x000000070f200000, 0x000000070f400000|  0%| F|  |TAMS 0x000000070f200000| PB 0x000000070f200000| Untracked 
|  81|0x000000070f400000, 0x000000070f400000, 0x000000070f600000|  0%| F|  |TAMS 0x000000070f400000| PB 0x000000070f400000| Untracked 
|  82|0x000000070f600000, 0x000000070f600000, 0x000000070f800000|  0%| F|  |TAMS 0x000000070f600000| PB 0x000000070f600000| Untracked 
|  83|0x000000070f800000, 0x000000070f800000, 0x000000070fa00000|  0%| F|  |TAMS 0x000000070f800000| PB 0x000000070f800000| Untracked 
|  84|0x000000070fa00000, 0x000000070fa00000, 0x000000070fc00000|  0%| F|  |TAMS 0x000000070fa00000| PB 0x000000070fa00000| Untracked 
|  85|0x000000070fc00000, 0x000000070fc00000, 0x000000070fe00000|  0%| F|  |TAMS 0x000000070fc00000| PB 0x000000070fc00000| Untracked 
|  86|0x000000070fe00000, 0x000000070fe00000, 0x0000000710000000|  0%| F|  |TAMS 0x000000070fe00000| PB 0x000000070fe00000| Untracked 
|  87|0x0000000710000000, 0x0000000710000000, 0x0000000710200000|  0%| F|  |TAMS 0x0000000710000000| PB 0x0000000710000000| Untracked 
|  88|0x0000000710200000, 0x0000000710200000, 0x0000000710400000|  0%| F|  |TAMS 0x0000000710200000| PB 0x0000000710200000| Untracked 
|  89|0x0000000710400000, 0x0000000710400000, 0x0000000710600000|  0%| F|  |TAMS 0x0000000710400000| PB 0x0000000710400000| Untracked 
|  90|0x0000000710600000, 0x0000000710600000, 0x0000000710800000|  0%| F|  |TAMS 0x0000000710600000| PB 0x0000000710600000| Untracked 
|  91|0x0000000710800000, 0x0000000710800000, 0x0000000710a00000|  0%| F|  |TAMS 0x0000000710800000| PB 0x0000000710800000| Untracked 
|  92|0x0000000710a00000, 0x0000000710a00000, 0x0000000710c00000|  0%| F|  |TAMS 0x0000000710a00000| PB 0x0000000710a00000| Untracked 
|  93|0x0000000710c00000, 0x0000000710c00000, 0x0000000710e00000|  0%| F|  |TAMS 0x0000000710c00000| PB 0x0000000710c00000| Untracked 
|  94|0x0000000710e00000, 0x0000000710e00000, 0x0000000711000000|  0%| F|  |TAMS 0x0000000710e00000| PB 0x0000000710e00000| Untracked 
|  95|0x0000000711000000, 0x0000000711000000, 0x0000000711200000|  0%| F|  |TAMS 0x0000000711000000| PB 0x0000000711000000| Untracked 
|  96|0x0000000711200000, 0x0000000711200000, 0x0000000711400000|  0%| F|  |TAMS 0x0000000711200000| PB 0x0000000711200000| Untracked 
|  97|0x0000000711400000, 0x0000000711400000, 0x0000000711600000|  0%| F|  |TAMS 0x0000000711400000| PB 0x0000000711400000| Untracked 
|  98|0x0000000711600000, 0x0000000711600000, 0x0000000711800000|  0%| F|  |TAMS 0x0000000711600000| PB 0x0000000711600000| Untracked 
|  99|0x0000000711800000, 0x0000000711800000, 0x0000000711a00000|  0%| F|  |TAMS 0x0000000711800000| PB 0x0000000711800000| Untracked 
| 100|0x0000000711a00000, 0x0000000711a00000, 0x0000000711c00000|  0%| F|  |TAMS 0x0000000711a00000| PB 0x0000000711a00000| Untracked 
| 101|0x0000000711c00000, 0x0000000711c00000, 0x0000000711e00000|  0%| F|  |TAMS 0x0000000711c00000| PB 0x0000000711c00000| Untracked 
| 102|0x0000000711e00000, 0x0000000711e00000, 0x0000000712000000|  0%| F|  |TAMS 0x0000000711e00000| PB 0x0000000711e00000| Untracked 
| 103|0x0000000712000000, 0x0000000712000000, 0x0000000712200000|  0%| F|  |TAMS 0x0000000712000000| PB 0x0000000712000000| Untracked 
| 104|0x0000000712200000, 0x0000000712200000, 0x0000000712400000|  0%| F|  |TAMS 0x0000000712200000| PB 0x0000000712200000| Untracked 
| 105|0x0000000712400000, 0x0000000712400000, 0x0000000712600000|  0%| F|  |TAMS 0x0000000712400000| PB 0x0000000712400000| Untracked 
| 106|0x0000000712600000, 0x0000000712600000, 0x0000000712800000|  0%| F|  |TAMS 0x0000000712600000| PB 0x0000000712600000| Untracked 
| 107|0x0000000712800000, 0x0000000712800000, 0x0000000712a00000|  0%| F|  |TAMS 0x0000000712800000| PB 0x0000000712800000| Untracked 
| 108|0x0000000712a00000, 0x0000000712a00000, 0x0000000712c00000|  0%| F|  |TAMS 0x0000000712a00000| PB 0x0000000712a00000| Untracked 
| 109|0x0000000712c00000, 0x0000000712c00000, 0x0000000712e00000|  0%| F|  |TAMS 0x0000000712c00000| PB 0x0000000712c00000| Untracked 
| 110|0x0000000712e00000, 0x0000000712e00000, 0x0000000713000000|  0%| F|  |TAMS 0x0000000712e00000| PB 0x0000000712e00000| Untracked 
| 111|0x0000000713000000, 0x0000000713000000, 0x0000000713200000|  0%| F|  |TAMS 0x0000000713000000| PB 0x0000000713000000| Untracked 
| 112|0x0000000713200000, 0x0000000713200000, 0x0000000713400000|  0%| F|  |TAMS 0x0000000713200000| PB 0x0000000713200000| Untracked 
| 113|0x0000000713400000, 0x0000000713400000, 0x0000000713600000|  0%| F|  |TAMS 0x0000000713400000| PB 0x0000000713400000| Untracked 
| 114|0x0000000713600000, 0x0000000713600000, 0x0000000713800000|  0%| F|  |TAMS 0x0000000713600000| PB 0x0000000713600000| Untracked 
| 115|0x0000000713800000, 0x0000000713800000, 0x0000000713a00000|  0%| F|  |TAMS 0x0000000713800000| PB 0x0000000713800000| Untracked 
| 116|0x0000000713a00000, 0x0000000713a00000, 0x0000000713c00000|  0%| F|  |TAMS 0x0000000713a00000| PB 0x0000000713a00000| Untracked 
| 117|0x0000000713c00000, 0x0000000713c00000, 0x0000000713e00000|  0%| F|  |TAMS 0x0000000713c00000| PB 0x0000000713c00000| Untracked 
| 118|0x0000000713e00000, 0x0000000713e00000, 0x0000000714000000|  0%| F|  |TAMS 0x0000000713e00000| PB 0x0000000713e00000| Untracked 
| 119|0x0000000714000000, 0x0000000714000000, 0x0000000714200000|  0%| F|  |TAMS 0x0000000714000000| PB 0x0000000714000000| Untracked 
| 120|0x0000000714200000, 0x00000007142147c0, 0x0000000714400000|  4%| S|CS|TAMS 0x0000000714200000| PB 0x0000000714200000| Complete 
| 121|0x0000000714400000, 0x0000000714400000, 0x0000000714600000|  0%| F|  |TAMS 0x0000000714400000| PB 0x0000000714400000| Untracked 
| 122|0x0000000714600000, 0x0000000714600000, 0x0000000714800000|  0%| F|  |TAMS 0x0000000714600000| PB 0x0000000714600000| Untracked 
| 123|0x0000000714800000, 0x0000000714800000, 0x0000000714a00000|  0%| F|  |TAMS 0x0000000714800000| PB 0x0000000714800000| Untracked 
| 124|0x0000000714a00000, 0x0000000714a00000, 0x0000000714c00000|  0%| F|  |TAMS 0x0000000714a00000| PB 0x0000000714a00000| Untracked 
| 125|0x0000000714c00000, 0x0000000714c00000, 0x0000000714e00000|  0%| F|  |TAMS 0x0000000714c00000| PB 0x0000000714c00000| Untracked 

Card table byte_map: [0x000001f3db630000,0x000001f3dbe10000] _byte_map_base: 0x000001f3d7e07000

Marking Bits: (CMBitMap*) 0x000001f3c2d10da0
 Bits: [0x000001f3dbe10000, 0x000001f3dfcc8000)

Polling page: 0x000001f3c0790000

Metaspace:

Usage:
  Non-class:      8.72 MB used.
      Class:    487.80 KB used.
       Both:      9.19 MB used.

Virtual space:
  Non-class space:       64.00 MB reserved,       8.81 MB ( 14%) committed,  1 nodes.
      Class space:        1.00 GB reserved,     576.00 KB ( <1%) committed,  1 nodes.
             Both:        1.06 GB reserved,       9.38 MB ( <1%) committed. 

Chunk freelists:
   Non-Class:  5.61 MB
       Class:  15.42 MB
        Both:  21.03 MB

MaxMetaspaceSize: unlimited
CompressedClassSpaceSize: 1.00 GB
Initial GC threshold: 21.00 MB
Current GC threshold: 21.00 MB
CDS: on
 - commit_granule_bytes: 65536.
 - commit_granule_words: 8192.
 - virtual_space_node_default_size: 8388608.
 - enlarge_chunks_in_place: 1.
 - use_allocation_guard: 0.


Internal statistics:

num_allocs_failed_limit: 0.
num_arena_births: 120.
num_arena_deaths: 0.
num_vsnodes_births: 2.
num_vsnodes_deaths: 0.
num_space_committed: 148.
num_space_uncommitted: 0.
num_chunks_returned_to_freelist: 0.
num_chunks_taken_from_freelist: 373.
num_chunk_merges: 0.
num_chunk_splits: 293.
num_chunks_enlarged: 237.
num_inconsistent_stats: 0.

CodeHeap 'non-profiled nmethods': size=119168Kb used=872Kb max_used=872Kb free=118295Kb
 bounds [0x000001f3d2f40000, 0x000001f3d31b0000, 0x000001f3da3a0000]
CodeHeap 'profiled nmethods': size=119104Kb used=3481Kb max_used=3481Kb free=115622Kb
 bounds [0x000001f3cb3a0000, 0x000001f3cb710000, 0x000001f3d27f0000]
CodeHeap 'non-nmethods': size=7488Kb used=2001Kb max_used=3169Kb free=5486Kb
 bounds [0x000001f3d27f0000, 0x000001f3d2b10000, 0x000001f3d2f40000]
CodeCache: size=245760Kb, used=6354Kb, max_used=7522Kb, free=239403Kb
 total_blobs=2857, nmethods=1787, adapters=975, full_count=0
Compilation: enabled, stopped_count=0, restarted_count=0

Compilation events (20 events):
Event: 18.852 Thread 0x000001f42803f1c0 nmethod 1778 0x000001f3d3008f10 code [0x000001f3d3009260, 0x000001f3d300ac98]
Event: 18.852 Thread 0x000001f42803f1c0 1779   !   4       java.io.WinNTFileSystem::isInvalid (78 bytes)
Event: 18.853 Thread 0x000001f42803f1c0 nmethod 1779 0x000001f3d300bd90 code [0x000001f3d300bf20, 0x000001f3d300c168]
Event: 18.862 Thread 0x000001f42803f1c0 1780   !   4       java.util.concurrent.ConcurrentHashMap::putVal (432 bytes)
Event: 18.870 Thread 0x000001f42803f1c0 nmethod 1780 0x000001f3d300c310 code [0x000001f3d300c580, 0x000001f3d300d6d8]
Event: 18.882 Thread 0x000001f42803f1c0 1781       4       java.util.Collections$EmptyList::iterator (4 bytes)
Event: 18.882 Thread 0x000001f42803f1c0 nmethod 1781 0x000001f3d300e210 code [0x000001f3d300e3a0, 0x000001f3d300e430]
Event: 18.882 Thread 0x000001f42803f1c0 1782       4       jdk.internal.loader.BuiltinClassLoader$1::hasNext (93 bytes)
Event: 18.885 Thread 0x000001f42803f1c0 nmethod 1782 0x000001f3d300e510 code [0x000001f3d300e720, 0x000001f3d300ebc8]
Event: 18.885 Thread 0x000001f42803f1c0 1784       4       java.io.File::isInvalid (47 bytes)
Event: 18.887 Thread 0x000001f42803f1c0 nmethod 1784 0x000001f3d300ef10 code [0x000001f3d300f0c0, 0x000001f3d300f400]
Event: 18.887 Thread 0x000001f42803f1c0 1783       4       jdk.internal.loader.BuiltinClassLoader$1::hasMoreElements (5 bytes)
Event: 18.889 Thread 0x000001f42803f1c0 nmethod 1783 0x000001f3d300f610 code [0x000001f3d300f820, 0x000001f3d300fcc8]
Event: 18.889 Thread 0x000001f42803f1c0 1785       4       sun.net.www.protocol.file.Handler::parseURL (18 bytes)
Event: 18.896 Thread 0x000001f42803f1c0 nmethod 1785 0x000001f3d3010010 code [0x000001f3d30101e0, 0x000001f3d3010828]
Event: 18.896 Thread 0x000001f42803f1c0 1786   !   4       java.io.WinNTFileSystem::getBooleanAttributes (27 bytes)
Event: 18.897 Thread 0x000001f42803f1c0 nmethod 1786 0x000001f3d3010b90 code [0x000001f3d3010d40, 0x000001f3d3010e70]
Event: 18.900 Thread 0x000001f42803f1c0 1787   !   4       java.net.URL::<init> (543 bytes)
Event: 19.971 Thread 0x000001f42803f1c0 nmethod 1787 0x000001f3d3010f90 code [0x000001f3d3011540, 0x000001f3d30171a8]
Event: 19.972 Thread 0x000001f42803f1c0 1789       4       jdk.internal.loader.BuiltinClassLoader::findResources (182 bytes)

GC Heap History (11 events):
Event: 0.407 GC heap before
{Heap before GC invocations=0 (full 0):
 garbage-first heap   total 258048K, used 22528K [0x0000000705200000, 0x0000000800000000)
  region size 2048K, 11 young (22528K), 0 survivors (0K)
 Metaspace       used 3452K, committed 3584K, reserved 1114112K
  class space    used 341K, committed 384K, reserved 1048576K
}
Event: 0.410 GC heap after
{Heap after GC invocations=1 (full 0):
 garbage-first heap   total 258048K, used 2688K [0x0000000705200000, 0x0000000800000000)
  region size 2048K, 2 young (4096K), 2 survivors (4096K)
 Metaspace       used 3452K, committed 3584K, reserved 1114112K
  class space    used 341K, committed 384K, reserved 1048576K
}
Event: 17.069 GC heap before
{Heap before GC invocations=1 (full 0):
 garbage-first heap   total 258048K, used 51840K [0x0000000705200000, 0x0000000800000000)
  region size 2048K, 24 young (49152K), 2 survivors (4096K)
 Metaspace       used 9389K, committed 9600K, reserved 1114112K
  class space    used 481K, committed 576K, reserved 1048576K
}
Event: 18.628 GC heap after
{Heap after GC invocations=2 (full 0):
 garbage-first heap   total 258048K, used 10643K [0x0000000705200000, 0x0000000800000000)
  region size 2048K, 3 young (6144K), 3 survivors (6144K)
 Metaspace       used 9389K, committed 9600K, reserved 1114112K
  class space    used 481K, committed 576K, reserved 1048576K
}
Event: 18.681 GC heap before
{Heap before GC invocations=2 (full 0):
 garbage-first heap   total 258048K, used 16787K [0x0000000705200000, 0x0000000800000000)
  region size 2048K, 6 young (12288K), 3 survivors (6144K)
 Metaspace       used 9412K, committed 9600K, reserved 1114112K
  class space    used 487K, committed 576K, reserved 1048576K
}
Event: 18.683 GC heap after
{Heap after GC invocations=3 (full 0):
 garbage-first heap   total 258048K, used 11118K [0x0000000705200000, 0x0000000800000000)
  region size 2048K, 1 young (2048K), 1 survivors (2048K)
 Metaspace       used 9412K, committed 9600K, reserved 1114112K
  class space    used 487K, committed 576K, reserved 1048576K
}
Event: 18.812 GC heap before
{Heap before GC invocations=3 (full 0):
 garbage-first heap   total 258048K, used 37742K [0x0000000705200000, 0x0000000800000000)
  region size 2048K, 14 young (28672K), 1 survivors (2048K)
 Metaspace       used 9413K, committed 9600K, reserved 1114112K
  class space    used 487K, committed 576K, reserved 1048576K
}
Event: 18.813 GC heap after
{Heap after GC invocations=4 (full 0):
 garbage-first heap   total 258048K, used 10807K [0x0000000705200000, 0x0000000800000000)
  region size 2048K, 1 young (2048K), 1 survivors (2048K)
 Metaspace       used 9413K, committed 9600K, reserved 1114112K
  class space    used 487K, committed 576K, reserved 1048576K
}
Event: 18.949 GC heap before
{Heap before GC invocations=4 (full 0):
 garbage-first heap   total 258048K, used 43575K [0x0000000705200000, 0x0000000800000000)
  region size 2048K, 17 young (34816K), 1 survivors (2048K)
 Metaspace       used 9413K, committed 9600K, reserved 1114112K
  class space    used 487K, committed 576K, reserved 1048576K
}
Event: 19.927 GC heap after
{Heap after GC invocations=5 (full 0):
 garbage-first heap   total 258048K, used 10786K [0x0000000705200000, 0x0000000800000000)
  region size 2048K, 1 young (2048K), 1 survivors (2048K)
 Metaspace       used 9413K, committed 9600K, reserved 1114112K
  class space    used 487K, committed 576K, reserved 1048576K
}
Event: 19.977 GC heap before
{Heap before GC invocations=5 (full 0):
 garbage-first heap   total 258048K, used 21026K [0x0000000705200000, 0x0000000800000000)
  region size 2048K, 6 young (12288K), 1 survivors (2048K)
 Metaspace       used 9413K, committed 9600K, reserved 1114112K
  class space    used 487K, committed 576K, reserved 1048576K
}

Dll operation events (20 events):
Event: 0.575 Loaded shared library C:\Users\robya\.javacpp\cache\javacpp-1.5.9-windows-x86_64.jar\org\bytedeco\javacpp\windows-x86_64\api-ms-win-core-debug-l1-1-0.dll
Event: 0.578 Loaded shared library C:\Users\robya\.javacpp\cache\javacpp-1.5.9-windows-x86_64.jar\org\bytedeco\javacpp\windows-x86_64\api-ms-win-core-rtlsupport-l1-1-0.dll
Event: 0.580 Loaded shared library C:\Users\robya\.javacpp\cache\javacpp-1.5.9-windows-x86_64.jar\org\bytedeco\javacpp\windows-x86_64\api-ms-win-core-processthreads-l1-1-1.dll
Event: 0.582 Loaded shared library C:\Users\robya\.javacpp\cache\javacpp-1.5.9-windows-x86_64.jar\org\bytedeco\javacpp\windows-x86_64\api-ms-win-core-file-l1-2-0.dll
Event: 0.585 Loaded shared library C:\Users\robya\.javacpp\cache\javacpp-1.5.9-windows-x86_64.jar\org\bytedeco\javacpp\windows-x86_64\api-ms-win-core-profile-l1-1-0.dll
Event: 0.587 Loaded shared library C:\Users\robya\.javacpp\cache\javacpp-1.5.9-windows-x86_64.jar\org\bytedeco\javacpp\windows-x86_64\api-ms-win-core-memory-l1-1-0.dll
Event: 0.590 Loaded shared library C:\Users\robya\.javacpp\cache\javacpp-1.5.9-windows-x86_64.jar\org\bytedeco\javacpp\windows-x86_64\api-ms-win-core-util-l1-1-0.dll
Event: 0.592 Loaded shared library C:\Users\robya\.javacpp\cache\javacpp-1.5.9-windows-x86_64.jar\org\bytedeco\javacpp\windows-x86_64\api-ms-win-core-interlocked-l1-1-0.dll
Event: 0.595 Loaded shared library C:\Users\robya\.javacpp\cache\javacpp-1.5.9-windows-x86_64.jar\org\bytedeco\javacpp\windows-x86_64\ucrtbase.dll
Event: 0.597 Loaded shared library C:\Users\robya\.javacpp\cache\javacpp-1.5.9-windows-x86_64.jar\org\bytedeco\javacpp\windows-x86_64\vcruntime140.dll
Event: 0.599 Loaded shared library C:\Users\robya\.javacpp\cache\javacpp-1.5.9-windows-x86_64.jar\org\bytedeco\javacpp\windows-x86_64\vcruntime140_1.dll
Event: 0.602 Loaded shared library C:\Users\robya\.javacpp\cache\javacpp-1.5.9-windows-x86_64.jar\org\bytedeco\javacpp\windows-x86_64\msvcp140.dll
Event: 0.604 Loaded shared library C:\Users\robya\.javacpp\cache\javacpp-1.5.9-windows-x86_64.jar\org\bytedeco\javacpp\windows-x86_64\msvcp140_1.dll
Event: 0.606 Loaded shared library C:\Users\robya\.javacpp\cache\javacpp-1.5.9-windows-x86_64.jar\org\bytedeco\javacpp\windows-x86_64\concrt140.dll
Event: 0.609 Loaded shared library C:\Users\robya\.javacpp\cache\javacpp-1.5.9-windows-x86_64.jar\org\bytedeco\javacpp\windows-x86_64\vcomp140.dll
Event: 0.612 Loaded shared library C:\Users\robya\.javacpp\cache\javacpp-1.5.9-windows-x86_64.jar\org\bytedeco\javacpp\windows-x86_64\jnijavacpp.dll
Event: 0.649 Loaded shared library C:\Users\robya\.javacpp\cache\openblas-0.3.23-1.5.9-windows-x86_64.jar\org\bytedeco\openblas\windows-x86_64\libopenblas_nolapack.dll
Event: 16.916 Loaded shared library C:\Users\robya\.javacpp\cache\openblas-0.3.23-1.5.9-windows-x86_64.jar\org\bytedeco\openblas\windows-x86_64\jniopenblas_nolapack.dll
Event: 16.990 Loaded shared library C:\Users\robya\.javacpp\cache\openblas-0.3.23-1.5.9-windows-x86_64.jar\org\bytedeco\openblas\windows-x86_64\libopenblas.dll
Event: 18.643 Loaded shared library C:\Users\robya\.javacpp\cache\openblas-0.3.23-1.5.9-windows-x86_64.jar\org\bytedeco\openblas\windows-x86_64\jniopenblas.dll

Deoptimization events (20 events):
Event: 0.647 Thread 0x000001f428841390 DEOPT PACKING pc=0x000001f3d2fe5a18 sp=0x000000e02b7fc210
Event: 0.647 Thread 0x000001f428841390 DEOPT UNPACKING pc=0x000001f3d2844422 sp=0x000000e02b7fc1d0 mode 2
Event: 0.661 Thread 0x000001f428841390 Uncommon trap: trap_request=0xffffff45 fr.pc=0x000001f3d2fd96c0 relative=0x00000000000004c0
Event: 0.661 Thread 0x000001f428841390 Uncommon trap: reason=unstable_if action=reinterpret pc=0x000001f3d2fd96c0 method=jdk.internal.loader.URLClassPath.getLoader(I)Ljdk/internal/loader/URLClassPath$Loader; @ 19 c2
Event: 0.661 Thread 0x000001f428841390 DEOPT PACKING pc=0x000001f3d2fd96c0 sp=0x000000e02b7fbef0
Event: 0.661 Thread 0x000001f428841390 DEOPT UNPACKING pc=0x000001f3d2844422 sp=0x000000e02b7fbe00 mode 2
Event: 16.979 Thread 0x000001f428841390 DEOPT PACKING pc=0x000001f3cb6335a6 sp=0x000000e02b7fbc30
Event: 16.979 Thread 0x000001f428841390 DEOPT UNPACKING pc=0x000001f3d2844bc2 sp=0x000000e02b7fb128 mode 0
Event: 16.983 Thread 0x000001f428841390 DEOPT PACKING pc=0x000001f3cb671708 sp=0x000000e02b7fbd20
Event: 16.983 Thread 0x000001f428841390 DEOPT UNPACKING pc=0x000001f3d2844bc2 sp=0x000000e02b7fb208 mode 0
Event: 18.650 Thread 0x000001f428841390 Uncommon trap: trap_request=0xffffff45 fr.pc=0x000001f3d2ff79e0 relative=0x00000000000012c0
Event: 18.650 Thread 0x000001f428841390 Uncommon trap: reason=unstable_if action=reinterpret pc=0x000001f3d2ff79e0 method=jdk.internal.jimage.ImageLocation.verifyName(Ljava/lang/String;Ljava/lang/String;IIIIIILjdk/internal/jimage/ImageStrings;)Z @ 27 c2
Event: 18.650 Thread 0x000001f428841390 DEOPT PACKING pc=0x000001f3d2ff79e0 sp=0x000000e02b7fc760
Event: 18.650 Thread 0x000001f428841390 DEOPT UNPACKING pc=0x000001f3d2844422 sp=0x000000e02b7fc638 mode 2
Event: 18.694 Thread 0x000001f428841390 DEOPT PACKING pc=0x000001f3cb6fc049 sp=0x000000e02b7fcc40
Event: 18.694 Thread 0x000001f428841390 DEOPT UNPACKING pc=0x000001f3d2844bc2 sp=0x000000e02b7fc0e0 mode 0
Event: 18.772 Thread 0x000001f428841390 DEOPT PACKING pc=0x000001f3cb6ebff2 sp=0x000000e02b7fcb10
Event: 18.772 Thread 0x000001f428841390 DEOPT UNPACKING pc=0x000001f3d2844bc2 sp=0x000000e02b7fbf98 mode 0
Event: 18.793 Thread 0x000001f428841390 DEOPT PACKING pc=0x000001f3cb6ebff2 sp=0x000000e02b7fcb10
Event: 18.793 Thread 0x000001f428841390 DEOPT UNPACKING pc=0x000001f3d2844bc2 sp=0x000000e02b7fbf98 mode 0

Classes loaded (20 events):
Event: 0.502 Loading class java/lang/annotation/Target
Event: 0.502 Loading class java/lang/annotation/Target done
Event: 0.503 Loading class java/lang/reflect/UndeclaredThrowableException
Event: 0.503 Loading class java/lang/reflect/UndeclaredThrowableException done
Event: 0.504 Loading class java/lang/Class$AnnotationData
Event: 0.504 Loading class java/lang/Class$AnnotationData done
Event: 0.506 Loading class java/lang/InstantiationException
Event: 0.506 Loading class java/lang/InstantiationException done
Event: 0.507 Loading class sun/nio/fs/WindowsLinkSupport
Event: 0.507 Loading class sun/nio/fs/WindowsLinkSupport done
Event: 0.529 Loading class jdk/internal/foreign/MemorySessionImpl
Event: 0.529 Loading class java/lang/foreign/MemorySegment$Scope
Event: 0.529 Loading class java/lang/foreign/MemorySegment$Scope done
Event: 0.529 Loading class jdk/internal/foreign/MemorySessionImpl done
Event: 0.628 Loading class java/util/regex/Pattern$BnM
Event: 0.628 Loading class java/util/regex/Pattern$BnM done
Event: 0.628 Loading class java/util/regex/Pattern$SliceS
Event: 0.628 Loading class java/util/regex/Pattern$SliceS done
Event: 0.630 Loading class java/util/ArrayList$ListItr
Event: 0.630 Loading class java/util/ArrayList$ListItr done

Classes unloaded (0 events):
No events

Classes redefined (0 events):
No events

Internal exceptions (16 events):
Event: 0.137 Thread 0x000001f3c2ca73c0 Exception <a 'java/lang/NoSuchMethodError'{0x0000000714268860}: 'void java.lang.invoke.DirectMethodHandle$Holder.invokeStatic(java.lang.Object, java.lang.Object, java.lang.Object, java.lang.Object)'> (0x0000000714268860) 
thrown [s\src\hotspot\share\interpreter\linkResolver.cpp, line 773]
Event: 0.138 Thread 0x000001f3c2ca73c0 Exception <a 'java/lang/NoSuchMethodError'{0x000000071426c648}: 'void java.lang.invoke.DirectMethodHandle$Holder.invokeSpecial(java.lang.Object, java.lang.Object, java.lang.Object, java.lang.Object, java.lang.Object)'> (0x000000071426c648) 
thrown [s\src\hotspot\share\interpreter\linkResolver.cpp, line 773]
Event: 0.141 Thread 0x000001f3c2ca73c0 Exception <a 'java/lang/NoSuchMethodError'{0x0000000714284068}: 'java.lang.Object java.lang.invoke.Invokers$Holder.invokeExact_MT(java.lang.Object, java.lang.Object, java.lang.Object, java.lang.Object, java.lang.Object, java.lang.Object)'> (0x0000000714284068) 
thrown [s\src\hotspot\share\interpreter\linkResolver.cpp, line 773]
Event: 0.142 Thread 0x000001f3c2ca73c0 Exception <a 'java/lang/NoSuchMethodError'{0x0000000714288d00}: 'void java.lang.invoke.DirectMethodHandle$Holder.invokeStatic(java.lang.Object, java.lang.Object)'> (0x0000000714288d00) 
thrown [s\src\hotspot\share\interpreter\linkResolver.cpp, line 773]
Event: 0.260 Thread 0x000001f3c2ca73c0 Exception <a 'java/lang/NoSuchMethodError'{0x0000000713d1cbd8}: 'void java.lang.invoke.DirectMethodHandle$Holder.invokeSpecial(java.lang.Object, java.lang.Object, java.lang.Object)'> (0x0000000713d1cbd8) 
thrown [s\src\hotspot\share\interpreter\linkResolver.cpp, line 773]
Event: 0.264 Thread 0x000001f3c2ca73c0 Exception <a 'java/lang/NoSuchMethodError'{0x0000000713d59160}: 'void java.lang.invoke.DirectMethodHandle$Holder.invokeStatic(java.lang.Object, java.lang.Object, java.lang.Object)'> (0x0000000713d59160) 
thrown [s\src\hotspot\share\interpreter\linkResolver.cpp, line 773]
Event: 0.331 Thread 0x000001f3c2ca73c0 Exception <a 'java/lang/NoSuchMethodError'{0x0000000713a1b9e0}: 'int java.lang.invoke.DirectMethodHandle$Holder.invokeStaticInit(java.lang.Object, java.lang.Object, java.lang.Object)'> (0x0000000713a1b9e0) 
thrown [s\src\hotspot\share\interpreter\linkResolver.cpp, line 773]
Event: 0.344 Thread 0x000001f3c2ca73c0 Exception <a 'java/lang/NoSuchMethodError'{0x0000000713aff9b0}: 'java.lang.Object java.lang.invoke.DirectMethodHandle$Holder.newInvokeSpecial(java.lang.Object, java.lang.Object, int, java.lang.Object)'> (0x0000000713aff9b0) 
thrown [s\src\hotspot\share\interpreter\linkResolver.cpp, line 773]
Event: 0.344 Thread 0x000001f3c2ca73c0 Exception <a 'java/lang/NoSuchMethodError'{0x0000000713b03bb8}: 'java.lang.Object java.lang.invoke.DirectMethodHandle$Holder.invokeSpecial(java.lang.Object, java.lang.Object, java.lang.Object, int, java.lang.Object)'> (0x0000000713b03bb8) 
thrown [s\src\hotspot\share\interpreter\linkResolver.cpp, line 773]
Event: 0.414 Thread 0x000001f428841390 Exception <a 'java/lang/NoSuchMethodError'{0x0000000714cd33a8}: 'void java.lang.invoke.DirectMethodHandle$Holder.invokeStaticInit(java.lang.Object)'> (0x0000000714cd33a8) 
thrown [s\src\hotspot\share\interpreter\linkResolver.cpp, line 773]
Event: 0.416 Thread 0x000001f3c2ca73c0 Exception <a 'java/lang/NoSuchMethodError'{0x0000000714d29998}: 'java.lang.Object java.lang.invoke.DirectMethodHandle$Holder.newInvokeSpecial(java.lang.Object, java.lang.Object, java.lang.Object, java.lang.Object, java.lang.Object, java.lang.Object)'> (0x0000000714d29998) 
thrown [s\src\hotspot\share\interpreter\linkResolver.cpp, line 773]
Event: 0.487 Thread 0x000001f428841390 Exception <a 'java/lang/NoSuchMethodError'{0x0000000713c021d8}: 'int java.lang.invoke.DirectMethodHandle$Holder.invokeStaticInit(java.lang.Object, java.lang.Object, java.lang.Object, java.lang.Object)'> (0x0000000713c021d8) 
thrown [s\src\hotspot\share\interpreter\linkResolver.cpp, line 773]
Event: 0.487 Thread 0x000001f428841390 Exception <a 'java/lang/NoSuchMethodError'{0x0000000713c0a8b0}: 'java.lang.Object java.lang.invoke.DirectMethodHandle$Holder.invokeInterface(java.lang.Object, java.lang.Object)'> (0x0000000713c0a8b0) 
thrown [s\src\hotspot\share\interpreter\linkResolver.cpp, line 773]
Event: 0.488 Thread 0x000001f428841390 Exception <a 'java/lang/IncompatibleClassChangeError'{0x0000000713c0dde8}: Found class java.lang.Object, but interface was expected> (0x0000000713c0dde8) 
thrown [s\src\hotspot\share\interpreter\linkResolver.cpp, line 840]
Event: 0.488 Thread 0x000001f428841390 Exception <a 'java/lang/NoSuchMethodError'{0x0000000713c10688}: 'void java.lang.invoke.DirectMethodHandle$Holder.invokeStaticInit(java.lang.Object, java.lang.Object)'> (0x0000000713c10688) 
thrown [s\src\hotspot\share\interpreter\linkResolver.cpp, line 773]
Event: 0.488 Thread 0x000001f428841390 Exception <a 'java/lang/NoSuchMethodError'{0x0000000713c15da8}: 'int java.lang.invoke.DirectMethodHandle$Holder.invokeStaticInit(java.lang.Object, java.lang.Object)'> (0x0000000713c15da8) 
thrown [s\src\hotspot\share\interpreter\linkResolver.cpp, line 773]

ZGC Phase Switch (0 events):
No events

VM Operations (20 events):
Event: 0.121 Executing non-safepoint VM operation: HandshakeAllThreads (Deoptimize) done
Event: 0.337 Executing non-safepoint VM operation: HandshakeAllThreads (Deoptimize)
Event: 0.337 Executing non-safepoint VM operation: HandshakeAllThreads (Deoptimize) done
Event: 0.407 Executing safepoint VM operation: G1CollectForAllocation (G1 Evacuation Pause)
Event: 0.410 Executing safepoint VM operation: G1CollectForAllocation (G1 Evacuation Pause) done
Event: 0.494 Executing non-safepoint VM operation: HandshakeAllThreads (Deoptimize)
Event: 0.494 Executing non-safepoint VM operation: HandshakeAllThreads (Deoptimize) done
Event: 0.630 Executing non-safepoint VM operation: HandshakeAllThreads (Deoptimize)
Event: 0.630 Executing non-safepoint VM operation: HandshakeAllThreads (Deoptimize) done
Event: 1.631 Executing safepoint VM operation: Cleanup
Event: 1.631 Executing safepoint VM operation: Cleanup done
Event: 17.069 Executing safepoint VM operation: G1CollectForAllocation (G1 Evacuation Pause)
Event: 18.628 Executing safepoint VM operation: G1CollectForAllocation (G1 Evacuation Pause) done
Event: 18.681 Executing safepoint VM operation: G1CollectForAllocation (G1 Evacuation Pause)
Event: 18.683 Executing safepoint VM operation: G1CollectForAllocation (G1 Evacuation Pause) done
Event: 18.812 Executing safepoint VM operation: G1CollectForAllocation (G1 Evacuation Pause)
Event: 18.813 Executing safepoint VM operation: G1CollectForAllocation (G1 Evacuation Pause) done
Event: 18.949 Executing safepoint VM operation: G1CollectForAllocation (G1 Evacuation Pause)
Event: 19.927 Executing safepoint VM operation: G1CollectForAllocation (G1 Evacuation Pause) done
Event: 19.977 Executing safepoint VM operation: G1CollectForAllocation (G1 Evacuation Pause)

Memory protections (0 events):
No events

Nmethod flushes (0 events):
No events

Events (20 events):
Event: 0.129 Thread 0x000001f3c2ca73c0 Thread added: 0x000001f4285cb2f0
Event: 0.265 Thread 0x000001f3c2ca73c0 Thread added: 0x000001f4287d3080
Event: 0.343 Thread 0x000001f3c2ca73c0 Thread added: 0x000001f42901d040
Event: 0.343 Thread 0x000001f428841390 Thread exited: 0x000001f428841390
Event: 0.345 Thread 0x000001f3c2ca73c0 Thread added: 0x000001f428841390
Event: 0.401 Thread 0x000001f4283224d0 Thread exited: 0x000001f4283224d0
Event: 0.401 Thread 0x000001f428321e20 Thread exited: 0x000001f428321e20
Event: 0.404 Thread 0x000001f42830f280 Thread exited: 0x000001f42830f280
Event: 0.433 Thread 0x000001f429286f90 Thread added: 0x000001f429286f90
Event: 0.519 Thread 0x000001f428138230 Thread added: 0x000001f4299deb00
Event: 0.526 Thread 0x000001f428137770 Thread added: 0x000001f429b420d0
Event: 0.530 Thread 0x000001f4282f6970 Thread added: 0x000001f429944ad0
Event: 0.616 Thread 0x000001f428841390 Thread added: 0x000001f4323b0630
Event: 0.929 Thread 0x000001f429944ad0 Thread exited: 0x000001f429944ad0
Event: 0.929 Thread 0x000001f429b420d0 Thread exited: 0x000001f429b420d0
Event: 0.929 Thread 0x000001f4299deb00 Thread exited: 0x000001f4299deb00
Event: 0.929 Thread 0x000001f428302c60 Thread exited: 0x000001f428302c60
Event: 2.433 Thread 0x000001f4282f6970 Thread exited: 0x000001f4282f6970
Event: 10.372 Thread 0x000001f428138230 Thread exited: 0x000001f428138230
Event: 18.636 Thread 0x000001f428137770 Thread exited: 0x000001f428137770


Dynamic libraries:
0x00007ff7c7c40000 - 0x00007ff7c7c4e000 	C:\Users\robya\.jdks\ms-21.0.10\bin\java.exe
0x00007ffaad0c0000 - 0x00007ffaad327000 	C:\WINDOWS\SYSTEM32\ntdll.dll
0x00007ffaab3e0000 - 0x00007ffaab4a9000 	C:\WINDOWS\System32\KERNEL32.DLL
0x00007ffaaa740000 - 0x00007ffaaab2f000 	C:\WINDOWS\System32\KERNELBASE.dll
0x00007ffaaa5f0000 - 0x00007ffaaa73b000 	C:\WINDOWS\System32\ucrtbase.dll
0x00007ffa99c30000 - 0x00007ffa99c4e000 	C:\Users\robya\.jdks\ms-21.0.10\bin\VCRUNTIME140.dll
0x00007ffa99c50000 - 0x00007ffa99c68000 	C:\Users\robya\.jdks\ms-21.0.10\bin\jli.dll
0x00007ffaac900000 - 0x00007ffaacac5000 	C:\WINDOWS\System32\USER32.dll
0x00007ffa92740000 - 0x00007ffa929d3000 	C:\WINDOWS\WinSxS\amd64_microsoft.windows.common-controls_6595b64144ccf1df_6.0.26100.7309_none_3e05feeae336a044\COMCTL32.dll
0x00007ffaaab40000 - 0x00007ffaaab67000 	C:\WINDOWS\System32\win32u.dll
0x00007ffaace50000 - 0x00007ffaacef9000 	C:\WINDOWS\System32\msvcrt.dll
0x00007ffaab210000 - 0x00007ffaab23b000 	C:\WINDOWS\System32\GDI32.dll
0x00007ffaaa4c0000 - 0x00007ffaaa5ec000 	C:\WINDOWS\System32\gdi32full.dll
0x00007ffaaa210000 - 0x00007ffaaa2b3000 	C:\WINDOWS\System32\msvcp_win.dll
0x00007ffaabed0000 - 0x00007ffaabf01000 	C:\WINDOWS\System32\IMM32.DLL
0x00007ffaa6290000 - 0x00007ffaa629c000 	C:\Users\robya\.jdks\ms-21.0.10\bin\vcruntime140_1.dll
0x00007ffa92620000 - 0x00007ffa926a9000 	C:\Users\robya\.jdks\ms-21.0.10\bin\msvcp140.dll
0x00007ffa29450000 - 0x00007ffa2a1fd000 	C:\Users\robya\.jdks\ms-21.0.10\bin\server\jvm.dll
0x00007ffaabf10000 - 0x00007ffaabfc4000 	C:\WINDOWS\System32\ADVAPI32.dll
0x00007ffaacf00000 - 0x00007ffaacfa6000 	C:\WINDOWS\System32\sechost.dll
0x00007ffaabdb0000 - 0x00007ffaabec8000 	C:\WINDOWS\System32\RPCRT4.dll
0x00007ffaab2d0000 - 0x00007ffaab344000 	C:\WINDOWS\System32\WS2_32.dll
0x00007ffaa9a80000 - 0x00007ffaa9ade000 	C:\WINDOWS\SYSTEM32\POWRPROF.dll
0x00007ffa9f100000 - 0x00007ffa9f135000 	C:\WINDOWS\SYSTEM32\WINMM.dll
0x00007ffaa1a60000 - 0x00007ffaa1a6b000 	C:\WINDOWS\SYSTEM32\VERSION.dll
0x00007ffaa9a60000 - 0x00007ffaa9a74000 	C:\WINDOWS\SYSTEM32\UMPDC.dll
0x00007ffaa8f20000 - 0x00007ffaa8f3b000 	C:\WINDOWS\SYSTEM32\kernel.appcore.dll
0x00007ffaa4bd0000 - 0x00007ffaa4bda000 	C:\Users\robya\.jdks\ms-21.0.10\bin\jimage.dll
0x00007ffaa75d0000 - 0x00007ffaa7812000 	C:\WINDOWS\SYSTEM32\DBGHELP.DLL
0x00007ffaaae80000 - 0x00007ffaab206000 	C:\WINDOWS\System32\combase.dll
0x00007ffaab840000 - 0x00007ffaab916000 	C:\WINDOWS\System32\OLEAUT32.dll
0x00007ffa91af0000 - 0x00007ffa91b2c000 	C:\WINDOWS\SYSTEM32\dbgcore.DLL
0x00007ffaaacf0000 - 0x00007ffaaad95000 	C:\WINDOWS\System32\bcryptPrimitives.dll
0x00007ffa95360000 - 0x00007ffa95381000 	C:\Users\robya\.jdks\ms-21.0.10\bin\java.dll
0x00007ffaac0a0000 - 0x00007ffaac7f3000 	C:\WINDOWS\System32\SHELL32.dll
0x00007ffaaa350000 - 0x00007ffaaa4ba000 	C:\WINDOWS\System32\wintypes.dll
0x00007ffaa7e40000 - 0x00007ffaa869e000 	C:\WINDOWS\SYSTEM32\windows.storage.dll
0x00007ffaac800000 - 0x00007ffaac8f5000 	C:\WINDOWS\System32\SHCORE.dll
0x00007ffaac030000 - 0x00007ffaac096000 	C:\WINDOWS\System32\shlwapi.dll
0x00007ffaaa130000 - 0x00007ffaaa159000 	C:\WINDOWS\SYSTEM32\profapi.dll
0x00007ffa7fdb0000 - 0x00007ffa7fe86000 	C:\Users\robya\.jdks\ms-21.0.10\bin\jsvml.dll
0x00007ffa99c10000 - 0x00007ffa99c21000 	C:\Users\robya\.jdks\ms-21.0.10\bin\net.dll
0x00007ffaa2d00000 - 0x00007ffaa2e28000 	C:\WINDOWS\SYSTEM32\WINHTTP.dll
0x00007ffaa9530000 - 0x00007ffaa959b000 	C:\WINDOWS\system32\mswsock.dll
0x00007ffa95690000 - 0x00007ffa956a6000 	C:\Users\robya\.jdks\ms-21.0.10\bin\nio.dll
0x00007ffa92600000 - 0x00007ffa92618000 	C:\Users\robya\.jdks\ms-21.0.10\bin\zip.dll
0x000001f3c07e0000 - 0x000001f3c07e3000 	C:\Users\robya\.openjfx\cache\21.0.2+5\amd64\api-ms-win-core-console-l1-1-0.dll
0x000001f3c0ca0000 - 0x000001f3c0ca3000 	C:\Users\robya\.openjfx\cache\21.0.2+5\amd64\api-ms-win-core-console-l1-2-0.dll
0x000001f3c0cb0000 - 0x000001f3c0cb3000 	C:\Users\robya\.openjfx\cache\21.0.2+5\amd64\api-ms-win-core-datetime-l1-1-0.dll
0x000001f3c0cc0000 - 0x000001f3c0cc3000 	C:\Users\robya\.openjfx\cache\21.0.2+5\amd64\api-ms-win-core-debug-l1-1-0.dll
0x000001f3c0cd0000 - 0x000001f3c0cd3000 	C:\Users\robya\.openjfx\cache\21.0.2+5\amd64\api-ms-win-core-errorhandling-l1-1-0.dll
0x000001f3c0ce0000 - 0x000001f3c0ce4000 	C:\Users\robya\.openjfx\cache\21.0.2+5\amd64\api-ms-win-core-file-l1-1-0.dll
0x000001f3c0cf0000 - 0x000001f3c0cf3000 	C:\Users\robya\.openjfx\cache\21.0.2+5\amd64\api-ms-win-core-file-l1-2-0.dll
0x000001f3c0d00000 - 0x000001f3c0d03000 	C:\Users\robya\.openjfx\cache\21.0.2+5\amd64\api-ms-win-core-file-l2-1-0.dll
0x000001f3c0d10000 - 0x000001f3c0d13000 	C:\Users\robya\.openjfx\cache\21.0.2+5\amd64\api-ms-win-core-handle-l1-1-0.dll
0x000001f3c0d20000 - 0x000001f3c0d23000 	C:\Users\robya\.openjfx\cache\21.0.2+5\amd64\api-ms-win-core-heap-l1-1-0.dll
0x000001f3c0d30000 - 0x000001f3c0d33000 	C:\Users\robya\.openjfx\cache\21.0.2+5\amd64\api-ms-win-core-interlocked-l1-1-0.dll
0x000001f3c0d40000 - 0x000001f3c0d43000 	C:\Users\robya\.openjfx\cache\21.0.2+5\amd64\api-ms-win-core-libraryloader-l1-1-0.dll
0x000001f3c2b70000 - 0x000001f3c2b73000 	C:\Users\robya\.openjfx\cache\21.0.2+5\amd64\api-ms-win-core-localization-l1-2-0.dll
0x000001f3c2b80000 - 0x000001f3c2b83000 	C:\Users\robya\.openjfx\cache\21.0.2+5\amd64\api-ms-win-core-memory-l1-1-0.dll
0x000001f3c2b90000 - 0x000001f3c2b93000 	C:\Users\robya\.openjfx\cache\21.0.2+5\amd64\api-ms-win-core-namedpipe-l1-1-0.dll
0x000001f3c2ba0000 - 0x000001f3c2ba3000 	C:\Users\robya\.openjfx\cache\21.0.2+5\amd64\api-ms-win-core-processenvironment-l1-1-0.dll
0x000001f3c2bb0000 - 0x000001f3c2bb3000 	C:\Users\robya\.openjfx\cache\21.0.2+5\amd64\api-ms-win-core-processthreads-l1-1-0.dll
0x000001f3c2bc0000 - 0x000001f3c2bc3000 	C:\Users\robya\.openjfx\cache\21.0.2+5\amd64\api-ms-win-core-processthreads-l1-1-1.dll
0x000001f3c2bd0000 - 0x000001f3c2bd3000 	C:\Users\robya\.openjfx\cache\21.0.2+5\amd64\api-ms-win-core-profile-l1-1-0.dll
0x000001f3c2be0000 - 0x000001f3c2be3000 	C:\Users\robya\.openjfx\cache\21.0.2+5\amd64\api-ms-win-core-rtlsupport-l1-1-0.dll
0x000001f3c2bf0000 - 0x000001f3c2bf3000 	C:\Users\robya\.openjfx\cache\21.0.2+5\amd64\api-ms-win-core-string-l1-1-0.dll
0x000001f3c2c00000 - 0x000001f3c2c03000 	C:\Users\robya\.openjfx\cache\21.0.2+5\amd64\api-ms-win-core-synch-l1-1-0.dll
0x000001f3c2c10000 - 0x000001f3c2c13000 	C:\Users\robya\.openjfx\cache\21.0.2+5\amd64\api-ms-win-core-synch-l1-2-0.dll
0x000001f3c2c20000 - 0x000001f3c2c23000 	C:\Users\robya\.openjfx\cache\21.0.2+5\amd64\api-ms-win-core-sysinfo-l1-1-0.dll
0x000001f3c2c30000 - 0x000001f3c2c33000 	C:\Users\robya\.openjfx\cache\21.0.2+5\amd64\api-ms-win-core-timezone-l1-1-0.dll
0x000001f3e2fc0000 - 0x000001f3e2fc3000 	C:\Users\robya\.openjfx\cache\21.0.2+5\amd64\api-ms-win-core-util-l1-1-0.dll
0x000001f3e2fd0000 - 0x000001f3e2fd3000 	C:\Users\robya\.openjfx\cache\21.0.2+5\amd64\api-ms-win-crt-conio-l1-1-0.dll
0x000001f3e2fe0000 - 0x000001f3e2fe4000 	C:\Users\robya\.openjfx\cache\21.0.2+5\amd64\api-ms-win-crt-convert-l1-1-0.dll
0x000001f3e2ff0000 - 0x000001f3e2ff3000 	C:\Users\robya\.openjfx\cache\21.0.2+5\amd64\api-ms-win-crt-environment-l1-1-0.dll
0x000001f429bd0000 - 0x000001f429bd3000 	C:\Users\robya\.openjfx\cache\21.0.2+5\amd64\api-ms-win-crt-filesystem-l1-1-0.dll
0x000001f429be0000 - 0x000001f429be3000 	C:\Users\robya\.openjfx\cache\21.0.2+5\amd64\api-ms-win-crt-heap-l1-1-0.dll
0x000001f429bf0000 - 0x000001f429bf3000 	C:\Users\robya\.openjfx\cache\21.0.2+5\amd64\api-ms-win-crt-locale-l1-1-0.dll
0x000001f429c00000 - 0x000001f429c05000 	C:\Users\robya\.openjfx\cache\21.0.2+5\amd64\api-ms-win-crt-math-l1-1-0.dll
0x000001f429c10000 - 0x000001f429c15000 	C:\Users\robya\.openjfx\cache\21.0.2+5\amd64\api-ms-win-crt-multibyte-l1-1-0.dll
0x000001f429c20000 - 0x000001f429c30000 	C:\Users\robya\.openjfx\cache\21.0.2+5\amd64\api-ms-win-crt-private-l1-1-0.dll
0x000001f429c30000 - 0x000001f429c33000 	C:\Users\robya\.openjfx\cache\21.0.2+5\amd64\api-ms-win-crt-process-l1-1-0.dll
0x000001f429c40000 - 0x000001f429c44000 	C:\Users\robya\.openjfx\cache\21.0.2+5\amd64\api-ms-win-crt-runtime-l1-1-0.dll
0x000001f429c50000 - 0x000001f429c54000 	C:\Users\robya\.openjfx\cache\21.0.2+5\amd64\api-ms-win-crt-stdio-l1-1-0.dll
0x000001f429c60000 - 0x000001f429c64000 	C:\Users\robya\.openjfx\cache\21.0.2+5\amd64\api-ms-win-crt-string-l1-1-0.dll
0x000001f429c70000 - 0x000001f429c73000 	C:\Users\robya\.openjfx\cache\21.0.2+5\amd64\api-ms-win-crt-time-l1-1-0.dll
0x000001f429c80000 - 0x000001f429c83000 	C:\Users\robya\.openjfx\cache\21.0.2+5\amd64\api-ms-win-crt-utility-l1-1-0.dll
0x00007ffa311d0000 - 0x00007ffa312cc000 	C:\Users\robya\.openjfx\cache\21.0.2+5\amd64\ucrtbase.dll
0x00007ffa929f0000 - 0x00007ffa92a0b000 	C:\Users\robya\.openjfx\cache\21.0.2+5\amd64\vcruntime140.dll
0x00007ffaa4b10000 - 0x00007ffaa4b1c000 	C:\Users\robya\.openjfx\cache\21.0.2+5\amd64\vcruntime140_1.dll
0x00007ffa84710000 - 0x00007ffa8479e000 	C:\Users\robya\.openjfx\cache\21.0.2+5\amd64\msvcp140.dll
0x00007ffa9e340000 - 0x00007ffa9e349000 	C:\Users\robya\.openjfx\cache\21.0.2+5\amd64\msvcp140_1.dll
0x00007ffa854e0000 - 0x00007ffa85521000 	C:\Users\robya\.openjfx\cache\21.0.2+5\amd64\msvcp140_2.dll
0x00007ffa85570000 - 0x00007ffa855a0000 	C:\Users\robya\.openjfx\cache\21.0.2+5\amd64\prism_d3d.dll
0x00007ffa422d0000 - 0x00007ffa42483000 	C:\WINDOWS\system32\d3d9.dll
0x00007ffaa66e0000 - 0x00007ffaa6710000 	C:\WINDOWS\SYSTEM32\dwmapi.dll
0x00007ffaa6730000 - 0x00007ffaa6774000 	C:\WINDOWS\SYSTEM32\dxcore.dll
0x00007ffaa65c0000 - 0x00007ffaa666b000 	C:\WINDOWS\system32\uxtheme.dll
0x00007ffa7f9b0000 - 0x00007ffa7fa73000 	C:\WINDOWS\SYSTEM32\d3d9on12.dll
0x00007ffaa7b00000 - 0x00007ffaa7c3b000 	C:\WINDOWS\SYSTEM32\dxgi.dll
0x00007ffa7aec0000 - 0x00007ffa7aee3000 	C:\WINDOWS\SYSTEM32\d3d12.dll
0x00007ffaa9e50000 - 0x00007ffaa9ea7000 	C:\WINDOWS\SYSTEM32\cfgmgr32.dll
0x00007ffa442b0000 - 0x00007ffa44608000 	C:\WINDOWS\SYSTEM32\D3D12Core.dll
0x00007ffa8a050000 - 0x00007ffa8a074000 	C:\WINDOWS\System32\DriverStore\FileRepository\iigd_dch.inf_amd64_ae9f3d286700dc3c\igd12umd64.dll
0x00007ffa43650000 - 0x00007ffa442a4000 	C:\WINDOWS\System32\DriverStore\FileRepository\iigd_dch.inf_amd64_ae9f3d286700dc3c\igd12um64xel.dll
0x00007ffaaab70000 - 0x00007ffaaace7000 	C:\WINDOWS\System32\CRYPT32.dll
0x00007ffaaa100000 - 0x00007ffaaa12a000 	C:\WINDOWS\SYSTEM32\bcrypt.dll
0x00007ffa99d70000 - 0x00007ffa9a182000 	C:\WINDOWS\System32\DriverStore\FileRepository\iigd_dch.inf_amd64_ae9f3d286700dc3c\igdgmm64.dll
0x00007ffa9abb0000 - 0x00007ffa9abea000 	C:\WINDOWS\SYSTEM32\ControlLib.dll
0x00007ffaab920000 - 0x00007ffaabdaa000 	C:\WINDOWS\System32\SETUPAPI.dll
0x00007ffaa9df0000 - 0x00007ffaa9e1d000 	C:\WINDOWS\SYSTEM32\DEVOBJ.dll
0x00007ffa9ab30000 - 0x00007ffa9aba3000 	C:\WINDOWS\System32\DriverStore\FileRepository\iigd_dch.inf_amd64_ae9f3d286700dc3c\IntelControlLib.dll
0x00007ffaaa2c0000 - 0x00007ffaaa340000 	C:\WINDOWS\System32\WINTRUST.dll
0x00007ffaa9990000 - 0x00007ffaa99a3000 	C:\WINDOWS\SYSTEM32\MSASN1.dll
0x00007ffaa3720000 - 0x00007ffaa3783000 	C:\WINDOWS\SYSTEM32\directxdatabasehelper.dll
0x00007ffa95720000 - 0x00007ffa99c0a000 	C:\WINDOWS\System32\DriverStore\FileRepository\iigd_dch.inf_amd64_ae9f3d286700dc3c\igc64.dll
0x00007ffaaccb0000 - 0x00007ffaace47000 	C:\WINDOWS\System32\ole32.dll
0x00007ffa71550000 - 0x00007ffa71635000 	C:\WINDOWS\SYSTEM32\D3DSCache.dll
0x00007ffaa95e0000 - 0x00007ffaa960b000 	C:\WINDOWS\SYSTEM32\USERENV.dll
0x00007ffa37030000 - 0x00007ffa3c33d000 	C:\WINDOWS\System32\DriverStore\FileRepository\iigd_dch.inf_amd64_ae9f3d286700dc3c\igd12dxva64.dll
0x00007ffa45570000 - 0x00007ffa45597000 	C:\WINDOWS\System32\DriverStore\FileRepository\iigd_dch.inf_amd64_ae9f3d286700dc3c\igdinfo64.dll
0x00007ffa7fd60000 - 0x00007ffa7fda2000 	C:\Users\robya\.openjfx\cache\21.0.2+5\amd64\glass.dll
0x00007ffaab5c0000 - 0x00007ffaab6b0000 	C:\WINDOWS\System32\COMDLG32.dll
0x00007ffaab6c0000 - 0x00007ffaab81e000 	C:\WINDOWS\System32\MSCTF.dll
0x000001f432e90000 - 0x000001f432e94000 	C:\Users\robya\.javacpp\cache\javacpp-1.5.9-windows-x86_64.jar\org\bytedeco\javacpp\windows-x86_64\api-ms-win-crt-locale-l1-1-0.dll
0x000001f432ea0000 - 0x000001f432ea5000 	C:\Users\robya\.javacpp\cache\javacpp-1.5.9-windows-x86_64.jar\org\bytedeco\javacpp\windows-x86_64\api-ms-win-crt-string-l1-1-0.dll
0x000001f432eb0000 - 0x000001f432eb5000 	C:\Users\robya\.javacpp\cache\javacpp-1.5.9-windows-x86_64.jar\org\bytedeco\javacpp\windows-x86_64\api-ms-win-crt-stdio-l1-1-0.dll
0x000001f432ec0000 - 0x000001f432ec6000 	C:\Users\robya\.javacpp\cache\javacpp-1.5.9-windows-x86_64.jar\org\bytedeco\javacpp\windows-x86_64\api-ms-win-crt-math-l1-1-0.dll

JVMTI agents: none

dbghelp: loaded successfully - version: 4.0.5 - missing functions: none
symbol engine: initialized successfully - sym options: 0x614 - pdb path: .;C:\Users\robya\.jdks\ms-21.0.10\bin;C:\WINDOWS\SYSTEM32;C:\WINDOWS\WinSxS\amd64_microsoft.windows.common-controls_6595b64144ccf1df_6.0.26100.7309_none_3e05feeae336a044;C:\Users\robya\.jdks\ms-21.0.10\bin\server;C:\Users\robya\.openjfx\cache\21.0.2+5\amd64;C:\WINDOWS\System32\DriverStore\FileRepository\iigd_dch.inf_amd64_ae9f3d286700dc3c;C:\Users\robya\.javacpp\cache\javacpp-1.5.9-windows-x86_64.jar\org\bytedeco\javacpp\windows-x86_64;C:\Users\robya\.javacpp\cache\openblas-0.3.23-1.5.9-windows-x86_64.jar\org\bytedeco\openblas\windows-x86_64

VM Arguments:
jvm_args: --enable-native-access=ALL-UNNAMED --add-exports=javafx.graphics/com.sun.javafx.tk=ALL-UNNAMED --add-exports=javafx.graphics/com.sun.glass.ui=ALL-UNNAMED -Djava.library.path=C:\Users\robya\IdeaProjects\PiDev\JDBC_workshop/lib:C:\Users\robya\IdeaProjects\PiDev\JDBC_workshop\target/lib --module-path=C:\Users\robya\.m2\repository\org\openjfx\javafx-base\21.0.2\javafx-base-21.0.2-win.jar;C:\Users\robya\.m2\repository\org\openjfx\javafx-base\21.0.2\javafx-base-21.0.2.jar;C:\Users\robya\.m2\repository\org\openjfx\javafx-controls\21.0.2\javafx-controls-21.0.2-win.jar;C:\Users\robya\.m2\repository\org\openjfx\javafx-controls\21.0.2\javafx-controls-21.0.2.jar;C:\Users\robya\.m2\repository\org\openjfx\javafx-fxml\21.0.2\javafx-fxml-21.0.2-win.jar;C:\Users\robya\.m2\repository\org\openjfx\javafx-fxml\21.0.2\javafx-fxml-21.0.2.jar;C:\Users\robya\.m2\repository\org\openjfx\javafx-graphics\21.0.2\javafx-graphics-21.0.2-win.jar;C:\Users\robya\.m2\repository\org\openjfx\javafx-graphics\21.0.2\javafx-graphics-21.0.2.jar;C:\Users\robya\.m2\repository\org\openjfx\javafx-media\21.0.2\javafx-media-21.0.2-win.jar;C:\Users\robya\.m2\repository\org\openjfx\javafx-media\21.0.2\javafx-media-21.0.2.jar;C:\Users\robya\.m2\repository\org\openjfx\javafx-swing\21.0.2\javafx-swing-21.0.2-win.jar;C:\Users\robya\.m2\repository\org\openjfx\javafx-swing\21.0.2\javafx-swing-21.0.2.jar;C:\Users\robya\.m2\repository\org\openjfx\javafx-web\21.0.2\javafx-web-21.0.2-win.jar;C:\Users\robya\.m2\repository\org\openjfx\javafx-web\21.0.2\javafx-web-21.0.2.jar --add-modules=javafx.base,javafx.controls,javafx.fxml,javafx.graphics,javafx.media,javafx.swing,javafx.web 
java_command: test.MainFX
java_class_path (initial): C:\Users\robya\IdeaProjects\PiDev\JDBC_workshop\target\classes;C:\Users\robya\.m2\repository\co\elastic\clients\elasticsearch-java\8.12.0\elasticsearch-java-8.12.0.jar;C:\Users\robya\.m2\repository\com\beust\jcommander\1.82\jcommander-1.82.jar;C:\Users\robya\.m2\repository\com\fasterxml\jackson\core\jackson-annotations\2.15.2\jackson-annotations-2.15.2.jar;C:\Users\robya\.m2\repository\com\fasterxml\jackson\core\jackson-core\2.15.2\jackson-core-2.15.2.jar;C:\Users\robya\.m2\repository\com\fasterxml\jackson\core\jackson-databind\2.15.2\jackson-databind-2.15.2.jar;C:\Users\robya\.m2\repository\com\fasterxml\jackson\datatype\jackson-datatype-jdk8\2.17.2\jackson-datatype-jdk8-2.17.2.jar;C:\Users\robya\.m2\repository\com\fasterxml\jackson\datatype\jackson-datatype-jsr310\2.17.2\jackson-datatype-jsr310-2.17.2.jar;C:\Users\robya\.m2\repository\com\fazecast\jSerialComm\2.6.2\jSerialComm-2.6.2.jar;C:\Users\robya\.m2\repository\com\github\jai-imageio\jai-imageio-core\1.4.0\jai-imageio-core-1.4.0.jar;C:\Users\robya\.m2\repository\com\github\sarxos\webcam-capture\0.3.12\webcam-capture-0.3.12.jar;C:\Users\robya\.m2\repository\com\google\api\api-common\2.42.1\api-common-2.42.1.jar;C:\Users\robya\.m2\repository\com\google\auth\google-auth-library-credentials\1.30.1\google-auth-library-credentials-1.30.1.jar;C:\Users\robya\.m2\repository\com\google\auth\google-auth-library-oauth2-http\1.30.1\google-auth-library-oauth2-http-1.30.1.jar;C:\Users\robya\.m2\repository\com\google\auto\value\auto-value\1.11.0\auto-value-1.11.0.jar;C:\Users\robya\.m2\repository\com\google\auto\value\auto-value-annotations\1.11.0\auto-value-annotations-1.11.0.jar;C:\Users\robya\.m2\repository\com\google\code\findbugs\jsr305\3.0.2\jsr305-3.0.2.jar;C:\Users\robya\.m2\repository\com\google\code\gson\gson\2.10.1\gson-2.10.1.jar;C:\Users\robya\.m2\repository\com\google\errorprone\error_prone_annotations\2.36.0\error_prone_annotations-2.36.0.jar;C:\Users\robya\.m2\repository\com\google\genai\google-genai\1.0.0\google-genai-1.0.0.jar;C:\Users\robya\.m2\repository\com\google\guava\failureaccess\1.0.2\failureaccess-1.0.2.jar;C:\Users\robya\.m2\repository\com\google\guava\guava\33.3.1-android\guava-33.3.1-android.jar;C:\Users\robya\.m2\repository\com\google\guava\listenablefuture\9999.0-empty-to-avoid-conflict-with-guava\listenablefuture-9999.0-empty-to-avoid-conflict-with-guava.jar;C:\Users\robya\.m2\repository\com\google\http-client\google-http-client\1.45.2\google-http-client-1.45.2.jar;C:\Users\robya\.m2\repository\com\google\http-client\google-http-client-gson\1.45.2\google-http-client-gson-1.45.2.jar;C:\Users\robya\.m2\repository\com\google\j2objc\j2objc-annotations\3.0.0\j2objc-annotations-3.0.0.jar;C:\Users\robya\.m2\repository\com\google\protobuf\protobuf-java\3.21.9\protobuf-java-3.21.9.jar;C:\Users\robya\.m2\repository\com\google\zxing\core\3.5.2\core-3.5.2.jar;C:\Users\robya\.m2\repository\com\google\zxing\javase\3.5.2\javase-3.5.2.jar;C:\Users\robya\.m2\repository\com\itextpdf\barcodes\7.2.5\barcodes-7.2.5.jar;C:\Users\robya\.m2\repository\com\itextpdf\commons\7.2.5\commons-7.2.5.jar;C:\Users\robya\.m2\repository\com\itextpdf\font-asian\7.2.5\font-asian-7.2.5.jar;C:\Users\robya\.m2\repository\com\itextpdf\forms\7.2.5\forms-7.2.5.jar;C:\Users\robya\.m2\repository\com\itextpdf\hyph\7.2.5\hyph-7.2.5.jar;C:\Users\robya\.m2\repository\com\itextpdf\io\7.2.5\io-7.2.5.jar;C:\Users\robya\.m2\repository\com\itextpdf\kernel\7.2.5\kernel-7.2.5.jar;C:\Users\robya\.m2\repository\com\itextpdf\layout\7.2.5\layout-7.2.5.jar;C:\Users\robya\.m2\repository\com\itextpdf\pdfa\7.2.5\pdfa-7.2.5.jar;C:\Users\robya\.m2\repository\com\itextpdf\sign\7.2.5\sign-7.2.5.jar;C:\Users\robya\.m2\repository\com\itextpdf\styled-xml-parser\7.2.5\styled-xml-parser-7.2.5.jar;C:\Users\robya\.m2\repository\com\itextpdf\svg\7.2.5\svg-7.2.5.jar;C:\Users\robya\.m2\repository\com\mailersend\java-sdk\1.0.1\java-sdk-1.0.1.jar;C:\Users\robya\.m2\repository\com\mysql\mysql-connector-j\8.0.33\mysql-connector-j-8.0.33.jar;C:\Users\robya\.m2\repository\com\nativelibs4java\bridj\0.7.0\bridj-0.7.0.jar;C:\Users\robya\.m2\repository\com\sun\mail\javax.mail\1.6.2\javax.mail-1.6.2.jar;C:\Users\robya\.m2\repository\commons-codec\commons-codec\1.11\commons-codec-1.11.jar;C:\Users\robya\.m2\repository\commons-io\commons-io\2.7\commons-io-2.7.jar;C:\Users\robya\.m2\repository\commons-logging\commons-logging\1.2\commons-logging-1.2.jar;C:\Users\robya\.m2\repository\io\grpc\grpc-api\1.68.2\grpc-api-1.68.2.jar;C:\Users\robya\.m2\repository\io\grpc\grpc-context\1.68.2\grpc-context-1.68.2.jar;C:\Users\robya\.m2\repository\io\opencensus\opencensus-api\0.31.1\opencensus-api-0.31.1.jar;C:\Users\robya\.m2\repository\io\opencensus\opencensus-contrib-http-util\0.31.1\opencensus-contrib-http-util-0.31.1.jar;C:\Users\robya\.m2\repository\io\opentelemetry\opentelemetry-api\1.29.0\opentelemetry-api-1.29.0.jar;C:\Users\robya\.m2\repository\io\opentelemetry\opentelemetry-context\1.29.0\opentelemetry-context-1.29.0.jar;C:\Users\robya\.m2\repository\jakarta\json\jakarta.json-api\2.0.1\jakarta.json-api-2.0.1.jar;C:\Users\robya\.m2\repository\javax\activation\activation\1.1\activation-1.1.jar;C:\Users\robya\.m2\repository\javax\annotation\javax.annotation-api\1.3.2\javax.annotation-api-1.3.2.jar;C:\Users\robya\.m2\repository\org\apache\httpcomponents\httpasyncclient\4.1.5\httpasyncclient-4.1.5.jar;C:\Users\robya\.m2\repository\org\apache\httpcomponents\httpclient\4.5.14\httpclient-4.5.14.jar;C:\Users\robya\.m2\repository\org\apache\httpcomponents\httpcore\4.4.16\httpcore-4.4.16.jar;C:\Users\robya\.m2\repository\org\apache\httpcomponents\httpcore-nio\4.4.13\httpcore-nio-4.4.13.jar;C:\Users\robya\.m2\repository\org\bouncycastle\bcpkix-jdk15on\1.70\bcpkix-jdk15on-1.70.jar;C:\Users\robya\.m2\repository\org\bouncycastle\bcprov-jdk15on\1.70\bcprov-jdk15on-1.70.jar;C:\Users\robya\.m2\repository\org\bouncycastle\bcutil-jdk15on\1.70\bcutil-jdk15on-1.70.jar;C:\Users\robya\.m2\repository\org\bytedeco\artoolkitplus\2.3.1-1.5.9\artoolkitplus-2.3.1-1.5.9-android-arm.jar;C:\Users\robya\.m2\repository\org\bytedeco\artoolkitplus\2.3.1-1.5.9\artoolkitplus-2.3.1-1.5.9-android-arm64.jar;C:\Users\robya\.m2\repository\org\bytedeco\artoolkitplus\2.3.1-1.5.9\artoolkitplus-2.3.1-1.5.9-android-x86.jar;C:\Users\robya\.m2\repository\org\bytedeco\artoolkitplus\2.3.1-1.5.9\artoolkitplus-2.3.1-1.5.9-android-x86_64.jar;C:\Users\robya\.m2\repository\org\bytedeco\artoolkitplus\2.3.1-1.5.9\artoolkitplus-2.3.1-1.5.9-linux-arm64.jar;C:\Users\robya\.m2\repository\org\bytedeco\artoolkitplus\2.3.1-1.5.9\artoolkitplus-2.3.1-1.5.9-linux-armhf.jar;C:\Users\robya\.m2\repository\org\bytedeco\artoolkitplus\2.3.1-1.5.9\artoolkitplus-2.3.1-1.5.9-linux-ppc64le.jar;C:\Users\robya\.m2\repository\org\bytedeco\artoolkitplus\2.3.1-1.5.9\artoolkitplus-2.3.1-1.5.9-linux-x86.jar;C:\Users\robya\.m2\repository\org\bytedeco\artoolkitplus\2.3.1-1.5.9\artoolkitplus-2.3.1-1.5.9-linux-x86_64.jar;C:\Users\robya\.m2\repository\org\bytedeco\artoolkitplus\2.3.1-1.5.9\artoolkitplus-2.3.1-1.5.9-macosx-x86_64.jar;C:\Users\robya\.m2\repository\org\bytedeco\artoolkitplus\2.3.1-1.5.9\artoolkitplus-2.3.1-1.5.9-windows-x86.jar;C:\Users\robya\.m2\repository\org\bytedeco\artoolkitplus\2.3.1-1.5.9\artoolkitplus-2.3.1-1.5.9-windows-x86_64.jar;C:\Users\robya\.m2\repository\org\bytedeco\artoolkitplus\2.3.1-1.5.9\artoolkitplus-2.3.1-1.5.9.jar;C:\Users\robya\.m2\repository\org\bytedeco\artoolkitplus-platform\2.3.1-1.5.9\artoolkitplus-platform-2.3.1-1.5.9.jar;C:\Users\robya\.m2\repository\org\bytedeco\ffmpeg\6.0-1.5.9\ffmpeg-6.0-1.5.9-android-arm.jar;C:\Users\robya\.m2\repository\org\bytedeco\ffmpeg\6.0-1.5.9\ffmpeg-6.0-1.5.9-android-arm64.jar;C:\Users\robya\.m2\repository\org\bytedeco\ffmpeg\6.0-1.5.9\ffmpeg-6.0-1.5.9-android-x86.jar;C:\Users\robya\.m2\repository\org\bytedeco\ffmpeg\6.0-1.5.9\ffmpeg-6.0-1.5.9-android-x86_64.jar;C:\Users\robya\.m2\repository\org\bytedeco\ffmpeg\6.0-1.5.9\ffmpeg-6.0-1.5.9-linux-arm64.jar;C:\Users\robya\.m2\repository\org\bytedeco\ffmpeg\6.0-1.5.9\ffmpeg-6.0-1.5.9-linux-armhf.jar;C:\Users\robya\.m2\repository\org\bytedeco\ffmpeg\6.0-1.5.9\ffmpeg-6.0-1.5.9-linux-ppc64le.jar;C:\Users\robya\.m2\repository\org\bytedeco\ffmpeg\6.0-1.5.9\ffmpeg-6.0-1.5.9-linux-x86.jar;C:\Users\robya\.m2\repository\org\bytedeco\ffmpeg\6.0-1.5.9\ffmpeg-6.0-1.5.9-linux-x86_64.jar;C:\Users\robya\.m2\repository\org\bytedeco\ffmpeg\6.0-1.5.9\ffmpeg-6.0-1.5.9-macosx-arm64.jar;C:\Users\robya\.m2\repository\org\bytedeco\ffmpeg\6.0-1.5.9\ffmpeg-6.0-1.5.9-macosx-x86_64.jar;C:\Users\robya\.m2\repository\org\bytedeco\ffmpeg\6.0-1.5.9\ffmpeg-6.0-1.5.9-windows-x86.jar;C:\Users\robya\.m2\repository\org\bytedeco\ffmpeg\6.0-1.5.9\ffmpeg-6.0-1.5.9-windows-x86_64.jar;C:\Users\robya\.m2\repository\org\bytedeco\ffmpeg\6.0-1.5.9\ffmpeg-6.0-1.5.9.jar;C:\Users\robya\.m2\repository\org\bytedeco\ffmpeg-platform\6.0-1.5.9\ffmpeg-platform-6.0-1.5.9.jar;C:\Users\robya\.m2\repository\org\bytedeco\flycapture\2.13.3.31-1.5.9\flycapture-2.13.3.31-1.5.9-linux-arm64.jar;C:\Users\robya\.m2\repository\org\bytedeco\flycapture\2.13.3.31-1.5.9\flycapture-2.13.3.31-1.5.9-linux-armhf.jar;C:\Users\robya\.m2\repository\org\bytedeco\flycapture\2.13.3.31-1.5.9\flycapture-2.13.3.31-1.5.9-linux-x86.jar;C:\Users\robya\.m2\repository\org\bytedeco\flycapture\2.13.3.31-1.5.9\flycapture-2.13.3.31-1.5.9-linux-x86_64.jar;C:\Users\robya\.m2\repository\org\bytedeco\flycapture\2.13.3.31-1.5.9\flycapture-2.13.3.31-1.5.9-windows-x86.jar;C:\Users\robya\.m2\repository\org\bytedeco\flycapture\2.13.3.31-1.5.9\flycapture-2.13.3.31-1.5.9-windows-x86_64.jar;C:\Users\robya\.m2\repository\org\bytedeco\flycapture\2.13.3.31-1.5.9\flycapture-2.13.3.31-1.5.9.jar;C:\Users\robya\.m2\repository\org\bytedeco\flycapture-platform\2.13.3.31-1.5.9\flycapture-platform-2.13.3.31-1.5.9.jar;C:\Users\robya\.m2\repository\org\bytedeco\javacpp\1.5.9\javacpp-1.5.9-android-arm.jar;C:\Users\robya\.m2\repository\org\bytedeco\javacpp\1.5.9\javacpp-1.5.9-android-arm64.jar;C:\Users\robya\.m2\repository\org\bytedeco\javacpp\1.5.9\javacpp-1.5.9-android-x86.jar;C:\Users\robya\.m2\repository\org\bytedeco\javacpp\1.5.9\javacpp-1.5.9-android-x86_64.jar;C:\Users\robya\.m2\repository\org\bytedeco\javacpp\1.5.9\javacpp-1.5.9-ios-arm64.jar;C:\Users\robya\.m2\repository\org\bytedeco\javacpp\1.5.9\javacpp-1.5.9-ios-x86_64.jar;C:\Users\robya\.m2\repository\org\bytedeco\javacpp\1.5.9\javacpp-1.5.9-linux-arm64.jar;C:\Users\robya\.m2\repository\org\bytedeco\javacpp\1.5.9\javacpp-1.5.9-linux-armhf.jar;C:\Users\robya\.m2\repository\org\bytedeco\javacpp\1.5.9\javacpp-1.5.9-linux-ppc64le.jar;C:\Users\robya\.m2\repository\org\bytedeco\javacpp\1.5.9\javacpp-1.5.9-linux-x86.jar;C:\Users\robya\.m2\repository\org\bytedeco\javacpp\1.5.9\javacpp-1.5.9-linux-x86_64.jar;C:\Users\robya\.m2\repository\org\bytedeco\javacpp\1.5.9\javacpp-1.5.9-macosx-arm64.jar;C:\Users\robya\.m2\repository\org\bytedeco\javacpp\1.5.9\javacpp-1.5.9-macosx-x86_64.jar;C:\Users\robya\.m2\repository\org\bytedeco\javacpp\1.5.9\javacpp-1.5.9-windows-x86.jar;C:\Users\robya\.m2\repository\org\bytedeco\javacpp\1.5.9\javacpp-1.5.9-windows-x86_64.jar;C:\Users\robya\.m2\repository\org\bytedeco\javacpp\1.5.9\javacpp-1.5.9.jar;C:\Users\robya\.m2\repository\org\bytedeco\javacpp-platform\1.5.9\javacpp-platform-1.5.9.jar;C:\Users\robya\.m2\repository\org\bytedeco\javacv\1.5.9\javacv-1.5.9.jar;C:\Users\robya\.m2\repository\org\bytedeco\javacv-platform\1.5.9\javacv-platform-1.5.9.jar;C:\Users\robya\.m2\repository\org\bytedeco\leptonica\1.83.0-1.5.9\leptonica-1.83.0-1.5.9-android-arm.jar;C:\Users\robya\.m2\repository\org\bytedeco\leptonica\1.83.0-1.5.9\leptonica-1.83.0-1.5.9-android-arm64.jar;C:\Users\robya\.m2\repository\org\bytedeco\leptonica\1.83.0-1.5.9\leptonica-1.83.0-1.5.9-android-x86.jar;C:\Users\robya\.m2\repository\org\bytedeco\leptonica\1.83.0-1.5.9\leptonica-1.83.0-1.5.9-android-x86_64.jar;C:\Users\robya\.m2\repository\org\bytedeco\leptonica\1.83.0-1.5.9\leptonica-1.83.0-1.5.9-linux-arm64.jar;C:\Users\robya\.m2\repository\org\bytedeco\leptonica\1.83.0-1.5.9\leptonica-1.83.0-1.5.9-linux-armhf.jar;C:\Users\robya\.m2\repository\org\bytedeco\leptonica\1.83.0-1.5.9\leptonica-1.83.0-1.5.9-linux-ppc64le.jar;C:\Users\robya\.m2\repository\org\bytedeco\leptonica\1.83.0-1.5.9\leptonica-1.83.0-1.5.9-linux-x86.jar;C:\Users\robya\.m2\repository\org\bytedeco\leptonica\1.83.0-1.5.9\leptonica-1.83.0-1.5.9-linux-x86_64.jar;C:\Users\robya\.m2\repository\org\bytedeco\leptonica\1.83.0-1.5.9\leptonica-1.83.0-1.5.9-macosx-arm64.jar;C:\Users\robya\.m2\repository\org\bytedeco\leptonica\1.83.0-1.5.9\leptonica-1.83.0-1.5.9-macosx-x86_64.jar;C:\Users\robya\.m2\repository\org\bytedeco\leptonica\1.83.0-1.5.9\leptonica-1.83.0-1.5.9-windows-x86.jar;C:\Users\robya\.m2\repository\org\bytedeco\leptonica\1.83.0-1.5.9\leptonica-1.83.0-1.5.9-windows-x86_64.jar;C:\Users\robya\.m2\repository\org\bytedeco\leptonica\1.83.0-1.5.9\leptonica-1.83.0-1.5.9.jar;C:\Users\robya\.m2\repository\org\bytedeco\leptonica-platform\1.83.0-1.5.9\leptonica-platform-1.83.0-1.5.9.jar;C:\Users\robya\.m2\repository\org\bytedeco\libdc1394\2.2.6-1.5.9\libdc1394-2.2.6-1.5.9-linux-arm64.jar;C:\Users\robya\.m2\repository\org\bytedeco\libdc1394\2.2.6-1.5.9\libdc1394-2.2.6-1.5.9-linux-armhf.jar;C:\Users\robya\.m2\repository\org\bytedeco\libdc1394\2.2.6-1.5.9\libdc1394-2.2.6-1.5.9-linux-ppc64le.jar;C:\Users\robya\.m2\repository\org\bytedeco\libdc1394\2.2.6-1.5.9\libdc1394-2.2.6-1.5.9-linux-x86.jar;C:\Users\robya\.m2\repository\org\bytedeco\libdc1394\2.2.6-1.5.9\libdc1394-2.2.6-1.5.9-linux-x86_64.jar;C:\Users\robya\.m2\repository\org\bytedeco\libdc1394\2.2.6-1.5.9\libdc1394-2.2.6-1.5.9-macosx-x86_64.jar;C:\Users\robya\.m2\repository\org\bytedeco\libdc1394\2.2.6-1.5.9\libdc1394-2.2.6-1.5.9-windows-x86.jar;C:\Users\robya\.m2\repository\org\bytedeco\libdc1394\2.2.6-1.5.9\libdc1394-2.2.6-1.5.9-windows-x86_64.jar;C:\Users\robya\.m2\repository\org\bytedeco\libdc1394\2.2.6-1.5.9\libdc1394-2.2.6-1.5.9.jar;C:\Users\robya\.m2\repository\org\bytedeco\libdc1394-platform\2.2.6-1.5.9\libdc1394-platform-2.2.6-1.5.9.jar;C:\Users\robya\.m2\repository\org\bytedeco\libfreenect\0.5.7-1.5.9\libfreenect-0.5.7-1.5.9-linux-arm64.jar;C:\Users\robya\.m2\repository\org\bytedeco\libfreenect\0.5.7-1.5.9\libfreenect-0.5.7-1.5.9-linux-armhf.jar;C:\Users\robya\.m2\repository\org\bytedeco\libfreenect\0.5.7-1.5.9\libfreenect-0.5.7-1.5.9-linux-ppc64le.jar;C:\Users\robya\.m2\repository\org\bytedeco\libfreenect\0.5.7-1.5.9\libfreenect-0.5.7-1.5.9-linux-x86.jar;C:\Users\robya\.m2\repository\org\bytedeco\libfreenect\0.5.7-1.5.9\libfreenect-0.5.7-1.5.9-linux-x86_64.jar;C:\Users\robya\.m2\repository\org\bytedeco\libfreenect\0.5.7-1.5.9\libfreenect-0.5.7-1.5.9-macosx-x86_64.jar;C:\Users\robya\.m2\repository\org\bytedeco\libfreenect\0.5.7-1.5.9\libfreenect-0.5.7-1.5.9-windows-x86.jar;C:\Users\robya\.m2\repository\org\bytedeco\libfreenect\0.5.7-1.5.9\libfreenect-0.5.7-1.5.9-windows-x86_64.jar;C:\Users\robya\.m2\repository\org\bytedeco\libfreenect\0.5.7-1.5.9\libfreenect-0.5.7-1.5.9.jar;C:\Users\robya\.m2\repository\org\bytedeco\libfreenect-platform\0.5.7-1.5.9\libfreenect-platform-0.5.7-1.5.9.jar;C:\Users\robya\.m2\repository\org\bytedeco\libfreenect2\0.2.0-1.5.9\libfreenect2-0.2.0-1.5.9-linux-x86.jar;C:\Users\robya\.m2\repository\org\bytedeco\libfreenect2\0.2.0-1.5.9\libfreenect2-0.2.0-1.5.9-linux-x86_64.jar;C:\Users\robya\.m2\repository\org\bytedeco\libfreenect2\0.2.0-1.5.9\libfreenect2-0.2.0-1.5.9-macosx-x86_64.jar;C:\Users\robya\.m2\repository\org\bytedeco\libfreenect2\0.2.0-1.5.9\libfreenect2-0.2.0-1.5.9-windows-x86_64.jar;C:\Users\robya\.m2\repository\org\bytedeco\libfreenect2\0.2.0-1.5.9\libfreenect2-0.2.0-1.5.9.jar;C:\Users\robya\.m2\repository\org\bytedeco\libfreenect2-platform\0.2.0-1.5.9\libfreenect2-platform-0.2.0-1.5.9.jar;C:\Users\robya\.m2\repository\org\bytedeco\librealsense\1.12.4-1.5.9\librealsense-1.12.4-1.5.9-linux-arm64.jar;C:\Users\robya\.m2\repository\org\bytedeco\librealsense\1.12.4-1.5.9\librealsense-1.12.4-1.5.9-linux-armhf.jar;C:\Users\robya\.m2\repository\org\bytedeco\librealsense\1.12.4-1.5.9\librealsense-1.12.4-1.5.9-linux-x86.jar;C:\Users\robya\.m2\repository\org\bytedeco\librealsense\1.12.4-1.5.9\librealsense-1.12.4-1.5.9-linux-x86_64.jar;C:\Users\robya\.m2\repository\org\bytedeco\librealsense\1.12.4-1.5.9\librealsense-1.12.4-1.5.9-macosx-x86_64.jar;C:\Users\robya\.m2\repository\org\bytedeco\librealsense\1.12.4-1.5.9\librealsense-1.12.4-1.5.9-windows-x86.jar;C:\Users\robya\.m2\repository\org\bytedeco\librealsense\1.12.4-1.5.9\librealsense-1.12.4-1.5.9-windows-x86_64.jar;C:\Users\robya\.m2\repository\org\bytedeco\librealsense\1.12.4-1.5.9\librealsense-1.12.4-1.5.9.jar;C:\Users\robya\.m2\repository\org\bytedeco\librealsense-platform\1.12.4-1.5.9\librealsense-platform-1.12.4-1.5.9.jar;C:\Users\robya\.m2\repository\org\bytedeco\librealsense2\2.53.1-1.5.9\librealsense2-2.53.1-1.5.9-linux-arm64.jar;C:\Users\robya\.m2\repository\org\bytedeco\librealsense2\2.53.1-1.5.9\librealsense2-2.53.1-1.5.9-linux-armhf.jar;C:\Users\robya\.m2\repository\org\bytedeco\librealsense2\2.53.1-1.5.9\librealsense2-2.53.1-1.5.9-linux-x86.jar;C:\Users\robya\.m2\repository\org\bytedeco\librealsense2\2.53.1-1.5.9\librealsense2-2.53.1-1.5.9-linux-x86_64.jar;C:\Users\robya\.m2\repository\org\bytedeco\librealsense2\2.53.1-1.5.9\librealsense2-2.53.1-1.5.9-macosx-x86_64.jar;C:\Users\robya\.m2\repository\org\bytedeco\librealsense2\2.53.1-1.5.9\librealsense2-2.53.1-1.5.9-windows-x86.jar;C:\Users\robya\.m2\repository\org\bytedeco\librealsense2\2.53.1-1.5.9\librealsense2-2.53.1-1.5.9-windows-x86_64.jar;C:\Users\robya\.m2\repository\org\bytedeco\librealsense2\2.53.1-1.5.9\librealsense2-2.53.1-1.5.9.jar;C:\Users\robya\.m2\repository\org\bytedeco\librealsense2-platform\2.53.1-1.5.9\librealsense2-platform-2.53.1-1.5.9.jar;C:\Users\robya\.m2\repository\org\bytedeco\openblas\0.3.23-1.5.9\openblas-0.3.23-1.5.9-android-arm.jar;C:\Users\robya\.m2\repository\org\bytedeco\openblas\0.3.23-1.5.9\openblas-0.3.23-1.5.9-android-arm64.jar;C:\Users\robya\.m2\repository\org\bytedeco\openblas\0.3.23-1.5.9\openblas-0.3.23-1.5.9-android-x86.jar;C:\Users\robya\.m2\repository\org\bytedeco\openblas\0.3.23-1.5.9\openblas-0.3.23-1.5.9-android-x86_64.jar;C:\Users\robya\.m2\repository\org\bytedeco\openblas\0.3.23-1.5.9\openblas-0.3.23-1.5.9-ios-arm64.jar;C:\Users\robya\.m2\repository\org\bytedeco\openblas\0.3.23-1.5.9\openblas-0.3.23-1.5.9-ios-x86_64.jar;C:\Users\robya\.m2\repository\org\bytedeco\openblas\0.3.23-1.5.9\openblas-0.3.23-1.5.9-linux-arm64.jar;C:\Users\robya\.m2\repository\org\bytedeco\openblas\0.3.23-1.5.9\openblas-0.3.23-1.5.9-linux-armhf.jar;C:\Users\robya\.m2\repository\org\bytedeco\openblas\0.3.23-1.5.9\openblas-0.3.23-1.5.9-linux-ppc64le.jar;C:\Users\robya\.m2\repository\org\bytedeco\openblas\0.3.23-1.5.9\openblas-0.3.23-1.5.9-linux-x86.jar;C:\Users\robya\.m2\repository\org\bytedeco\openblas\0.3.23-1.5.9\openblas-0.3.23-1.5.9-linux-x86_64.jar;C:\Users\robya\.m2\repository\org\bytedeco\openblas\0.3.23-1.5.9\openblas-0.3.23-1.5.9-macosx-arm64.jar;C:\Users\robya\.m2\repository\org\bytedeco\openblas\0.3.23-1.5.9\openblas-0.3.23-1.5.9-macosx-x86_64.jar;C:\Users\robya\.m2\repository\org\bytedeco\openblas\0.3.23-1.5.9\openblas-0.3.23-1.5.9-windows-x86.jar;C:\Users\robya\.m2\repository\org\bytedeco\openblas\0.3.23-1.5.9\openblas-0.3.23-1.5.9-windows-x86_64.jar;C:\Users\robya\.m2\repository\org\bytedeco\openblas\0.3.23-1.5.9\openblas-0.3.23-1.5.9.jar;C:\Users\robya\.m2\repository\org\bytedeco\openblas-platform\0.3.23-1.5.9\openblas-platform-0.3.23-1.5.9.jar;C:\Users\robya\.m2\repository\org\bytedeco\opencv\4.7.0-1.5.9\opencv-4.7.0-1.5.9-android-arm.jar;C:\Users\robya\.m2\repository\org\bytedeco\opencv\4.7.0-1.5.9\opencv-4.7.0-1.5.9-android-arm64.jar;C:\Users\robya\.m2\repository\org\bytedeco\opencv\4.7.0-1.5.9\opencv-4.7.0-1.5.9-android-x86.jar;C:\Users\robya\.m2\repository\org\bytedeco\opencv\4.7.0-1.5.9\opencv-4.7.0-1.5.9-android-x86_64.jar;C:\Users\robya\.m2\repository\org\bytedeco\opencv\4.7.0-1.5.9\opencv-4.7.0-1.5.9-ios-arm64.jar;C:\Users\robya\.m2\repository\org\bytedeco\opencv\4.7.0-1.5.9\opencv-4.7.0-1.5.9-ios-x86_64.jar;C:\Users\robya\.m2\repository\org\bytedeco\opencv\4.7.0-1.5.9\opencv-4.7.0-1.5.9-linux-arm64.jar;C:\Users\robya\.m2\repository\org\bytedeco\opencv\4.7.0-1.5.9\opencv-4.7.0-1.5.9-linux-armhf.jar;C:\Users\robya\.m2\repository\org\bytedeco\opencv\4.7.0-1.5.9\opencv-4.7.0-1.5.9-linux-ppc64le.jar;C:\Users\robya\.m2\repository\org\bytedeco\opencv\4.7.0-1.5.9\opencv-4.7.0-1.5.9-linux-x86.jar;C:\Users\robya\.m2\repository\org\bytedeco\opencv\4.7.0-1.5.9\opencv-4.7.0-1.5.9-linux-x86_64.jar;C:\Users\robya\.m2\repository\org\bytedeco\opencv\4.7.0-1.5.9\opencv-4.7.0-1.5.9-macosx-arm64.jar;C:\Users\robya\.m2\repository\org\bytedeco\opencv\4.7.0-1.5.9\opencv-4.7.0-1.5.9-macosx-x86_64.jar;C:\Users\robya\.m2\repository\org\bytedeco\opencv\4.7.0-1.5.9\opencv-4.7.0-1.5.9-windows-x86.jar;C:\Users\robya\.m2\repository\org\bytedeco\opencv\4.7.0-1.5.9\opencv-4.7.0-1.5.9-windows-x86_64.jar;C:\Users\robya\.m2\repository\org\bytedeco\opencv\4.7.0-1.5.9\opencv-4.7.0-1.5.9.jar;C:\Users\robya\.m2\repository\org\bytedeco\opencv-platform\4.7.0-1.5.9\opencv-platform-4.7.0-1.5.9.jar;C:\Users\robya\.m2\repository\org\bytedeco\tesseract\5.3.1-1.5.9\tesseract-5.3.1-1.5.9-android-arm.jar;C:\Users\robya\.m2\repository\org\bytedeco\tesseract\5.3.1-1.5.9\tesseract-5.3.1-1.5.9-android-arm64.jar;C:\Users\robya\.m2\repository\org\bytedeco\tesseract\5.3.1-1.5.9\tesseract-5.3.1-1.5.9-android-x86.jar;C:\Users\robya\.m2\repository\org\bytedeco\tesseract\5.3.1-1.5.9\tesseract-5.3.1-1.5.9-android-x86_64.jar;C:\Users\robya\.m2\repository\org\bytedeco\tesseract\5.3.1-1.5.9\tesseract-5.3.1-1.5.9-linux-arm64.jar;C:\Users\robya\.m2\repository\org\bytedeco\tesseract\5.3.1-1.5.9\tesseract-5.3.1-1.5.9-linux-armhf.jar;C:\Users\robya\.m2\repository\org\bytedeco\tesseract\5.3.1-1.5.9\tesseract-5.3.1-1.5.9-linux-ppc64le.jar;C:\Users\robya\.m2\repository\org\bytedeco\tesseract\5.3.1-1.5.9\tesseract-5.3.1-1.5.9-linux-x86.jar;C:\Users\robya\.m2\repository\org\bytedeco\tesseract\5.3.1-1.5.9\tesseract-5.3.1-1.5.9-linux-x86_64.jar;C:\Users\robya\.m2\repository\org\bytedeco\tesseract\5.3.1-1.5.9\tesseract-5.3.1-1.5.9-macosx-arm64.jar;C:\Users\robya\.m2\repository\org\bytedeco\tesseract\5.3.1-1.5.9\tesseract-5.3.1-1.5.9-macosx-x86_64.jar;C:\Users\robya\.m2\repository\org\bytedeco\tesseract\5.3.1-1.5.9\tesseract-5.3.1-1.5.9-windows-x86.jar;C:\Users\robya\.m2\repository\org\bytedeco\tesseract\5.3.1-1.5.9\tesseract-5.3.1-1.5.9-windows-x86_64.jar;C:\Users\robya\.m2\repository\org\bytedeco\tesseract\5.3.1-1.5.9\tesseract-5.3.1-1.5.9.jar;C:\Users\robya\.m2\repository\org\bytedeco\tesseract-platform\5.3.1-1.5.9\tesseract-platform-5.3.1-1.5.9.jar;C:\Users\robya\.m2\repository\org\bytedeco\videoinput\0.200-1.5.9\videoinput-0.200-1.5.9-windows-x86.jar;C:\Users\robya\.m2\repository\org\bytedeco\videoinput\0.200-1.5.9\videoinput-0.200-1.5.9-windows-x86_64.jar;C:\Users\robya\.m2\repository\org\bytedeco\videoinput\0.200-1.5.9\videoinput-0.200-1.5.9.jar;C:\Users\robya\.m2\repository\org\bytedeco\videoinput-platform\0.200-1.5.9\videoinput-platform-0.200-1.5.9.jar;C:\Users\robya\.m2\repository\org\checkerframework\checker-qual\3.43.0\checker-qual-3.43.0.jar;C:\Users\robya\.m2\repository\org\eclipse\parsson\parsson\1.0.0\parsson-1.0.0.jar;C:\Users\robya\.m2\repository\org\elasticsearch\client\elasticsearch-rest-client\8.12.0\elasticsearch-rest-client-8.12.0.jar;C:\Users\robya\.m2\repository\org\java-websocket\Java-WebSocket\1.6.0\Java-WebSocket-1.6.0.jar;C:\Users\robya\.m2\repository\org\json\json\20231013\json-20231013.jar;C:\Users\robya\.m2\repository\org\jspecify\jspecify\1.0.0\jspecify-1.0.0.jar;C:\Users\robya\.m2\repository\org\openpnp\opencv\4.7.0-0\opencv-4.7.0-0.jar;C:\Users\robya\.m2\repository\org\slf4j\slf4j-api\1.7.2\slf4j-api-1.7.2.jar;C:\Users\robya\.m2\repository\org\slf4j\slf4j-simple\2.0.9\slf4j-simple-2.0.9.jar
Launcher Type: SUN_STANDARD

[Global flags]
     intx CICompilerCount                          = 12                                        {product} {ergonomic}
     uint ConcGCThreads                            = 4                                         {product} {ergonomic}
     uint G1ConcRefinementThreads                  = 15                                        {product} {ergonomic}
   size_t G1HeapRegionSize                         = 2097152                                   {product} {ergonomic}
    uintx GCDrainStackTargetSize                   = 64                                        {product} {ergonomic}
   size_t InitialHeapSize                          = 264241152                                 {product} {ergonomic}
   size_t MarkStackSize                            = 4194304                                   {product} {ergonomic}
   size_t MaxHeapSize                              = 4208984064                                {product} {ergonomic}
   size_t MaxNewSize                               = 2524971008                                {product} {ergonomic}
   size_t MinHeapDeltaBytes                        = 2097152                                   {product} {ergonomic}
   size_t MinHeapSize                              = 8388608                                   {product} {ergonomic}
    uintx NonNMethodCodeHeapSize                   = 7602480                                {pd product} {ergonomic}
    uintx NonProfiledCodeHeapSize                  = 122027880                              {pd product} {ergonomic}
    uintx ProfiledCodeHeapSize                     = 122027880                              {pd product} {ergonomic}
    uintx ReservedCodeCacheSize                    = 251658240                              {pd product} {ergonomic}
     bool SegmentedCodeCache                       = true                                      {product} {ergonomic}
   size_t SoftMaxHeapSize                          = 4208984064                             {manageable} {ergonomic}
     bool UseCompressedOops                        = true                           {product lp64_product} {ergonomic}
     bool UseG1GC                                  = true                                      {product} {ergonomic}
     bool UseLargePagesIndividualAllocation        = false                                  {pd product} {ergonomic}

Logging:
Log output configuration:
 #0: stdout all=warning uptime,level,tags foldmultilines=false
 #1: stderr all=off uptime,level,tags foldmultilines=false

Release file:
IMPLEMENTOR="Microsoft" 
IMPLEMENTOR_VERSION="Microsoft-13106404" 
JAVA_RUNTIME_VERSION="21.0.10+7-LTS" 
JAVA_VERSION="21.0.10" 
JAVA_VERSION_DATE="2026-01-20" 
LIBC="default" 
MODULES="java.base java.compiler java.datatransfer java.xml java.prefs java.desktop java.instrument java.logging java.management java.security.sasl java.naming java.rmi java.management.rmi java.net.http java.scripting java.security.jgss java.transaction.xa java.sql java.sql.rowset java.xml.crypto java.se java.smartcardio jdk.accessibility jdk.internal.jvmstat jdk.attach jdk.charsets jdk.internal.opt jdk.zipfs jdk.compiler jdk.crypto.ec jdk.crypto.cryptoki jdk.crypto.mscapi jdk.dynalink jdk.internal.ed jdk.editpad jdk.hotspot.agent jdk.httpserver jdk.incubator.vector jdk.internal.le jdk.internal.vm.ci jdk.internal.vm.compiler jdk.internal.vm.compiler.management jdk.jartool jdk.javadoc jdk.jcmd jdk.management jdk.management.agent jdk.jconsole jdk.jdeps jdk.jdwp.agent jdk.jdi jdk.jfr jdk.jlink jdk.jpackage jdk.jshell jdk.jsobject jdk.jstatd jdk.localedata jdk.management.jfr jdk.naming.dns jdk.naming.rmi jdk.net jdk.nio.mapmode jdk.random jdk.sctp jdk.security.auth jdk.security.jgss jdk.unsupported jdk.unsupported.desktop jdk.xml.dom" 
OS_ARCH="x86_64" 
OS_NAME="Windows" 
SOURCE=".:git:e69b6ef7382e" 

Environment Variables:
JAVA_HOME=C:\Users\robya\.jdks\ms-21.0.10
PATH=C:\Program Files (x86)\VMware\VMware Workstation\bin\;C:\Program Files\Common Files\Oracle\Java\javapath;C:\oraclexe\app\oracle\product\11.2.0\server\bin;C:\Program Files (x86)\Common Files\Oracle\Java\javapath;C:\Program Files (x86)\Common Files\Intel\Shared Libraries\redist\intel64\compiler;C:\Windows\system32;C:\Windows;C:\Windows\System32\Wbem;C:\Windows\System32\WindowsPowerShell\v1.0\;C:\Windows\System32\OpenSSH\;C:\WINDOWS\system32;C:\WINDOWS;C:\WINDOWS\System32\Wbem;C:\WINDOWS\System32\WindowsPowerShell\v1.0\;C:\WINDOWS\System32\OpenSSH\;C:\Program Files\dotnet\;C:\Program Files (x86)\NVIDIA Corporation\PhysX\Common;C:\WINDOWS\system32;C:\WINDOWS;C:\WINDOWS\System32\Wbem;C:\WINDOWS\System32\WindowsPowerShell\v1.0\;C:\WINDOWS\System32\OpenSSH\;C:\Program Files\VoukoderPro\;C:\xampp\php;C:\ProgramData\ComposerSetup\bin;C:\Program Files\CMake\bin;C:\ProgramData\chocolatey\bin;C:\Program Files\nodejs\;C:\Users\robya\Downloads\symfony-cli_windows_amd64;C:\Program Files\Git\mingw64\bin\git.exe;C:\Program Files\Git\cmd\git.exe;C:\Program Files\Git\cmd;C:\Program Files\Git\bin;;C:\Program Files\NVIDIA Corporation\NVIDIA App\NvDLISR;C:\Users\robya\AppData\Local\Programs\Python\Launcher\;C:\Users\robya\AppData\Local\Microsoft\WindowsApps;C:\Users\robya\AppData\Local\Programs\Microsoft VS Code\bin;C:\flutter\bin;C:\Users\robya\AppData\Local\Android\Sdk;C:\Users\robya\AppData\Local\Android\Sdk\platform-tools;C:\Users\robya\AppData\Roaming\Composer\vendor\bin;C:\Users\robya\AppData\Roaming\npm;C:\xampp\php;C:\Users\robya\Downloads\symfony-cli_windows_amd64;C:\Program Files\JetBrains\IntelliJ IDEA 2025.2.1\bin;C:\Program Files\Git\cmd\git.exe;C:\Program Files\Git\mingw64\bin\git.exe;
USERNAME=robya
OS=Windows_NT
PROCESSOR_IDENTIFIER=Intel64 Family 6 Model 154 Stepping 3, GenuineIntel
TMP=C:\Users\robya\AppData\Local\Temp
TEMP=C:\Users\robya\AppData\Local\Temp




Periodic native trim disabled

---------------  S Y S T E M  ---------------

OS:
 Windows 11 , 64 bit Build 26100 (10.0.26100.7623)
OS uptime: 0 days 11:13 hours

CPU: total 20 (initial active 20) (10 cores per cpu, 2 threads per core) family 6 model 154 stepping 3 microcode 0x419, cx8, cmov, fxsr, ht, mmx, 3dnowpref, sse, sse2, sse3, ssse3, sse4.1, sse4.2, popcnt, lzcnt, tsc, tscinvbit, avx, avx2, aes, erms, clmul, bmi1, bmi2, adx, sha, fma, vzeroupper, clflush, clflushopt, clwb, serialize, rdtscp, rdpid, fsrm, f16c, pku, cet_ibt, cet_ss
Processor Information for processor 0
  Max Mhz: 2300, Current Mhz: 2300, Mhz Limit: 2300
Processor Information for processor 1
  Max Mhz: 2300, Current Mhz: 2300, Mhz Limit: 2300
Processor Information for processor 2
  Max Mhz: 2300, Current Mhz: 1506, Mhz Limit: 2300
Processor Information for processor 3
  Max Mhz: 2300, Current Mhz: 2300, Mhz Limit: 2300
Processor Information for processor 4
  Max Mhz: 2300, Current Mhz: 2300, Mhz Limit: 2300
Processor Information for processor 5
  Max Mhz: 2300, Current Mhz: 2300, Mhz Limit: 2300
Processor Information for processor 6
  Max Mhz: 2300, Current Mhz: 2300, Mhz Limit: 2300
Processor Information for processor 7
  Max Mhz: 2300, Current Mhz: 2300, Mhz Limit: 2300
Processor Information for processor 8
  Max Mhz: 2300, Current Mhz: 1506, Mhz Limit: 2300
Processor Information for processor 9
  Max Mhz: 2300, Current Mhz: 1506, Mhz Limit: 2300
Processor Information for processor 10
  Max Mhz: 2300, Current Mhz: 1506, Mhz Limit: 2300
Processor Information for processor 11
  Max Mhz: 2300, Current Mhz: 2300, Mhz Limit: 2300
Processor Information for processor 12
  Max Mhz: 2300, Current Mhz: 1700, Mhz Limit: 1679
Processor Information for processor 13
  Max Mhz: 2300, Current Mhz: 1700, Mhz Limit: 1679
Processor Information for processor 14
  Max Mhz: 2300, Current Mhz: 1700, Mhz Limit: 1679
Processor Information for processor 15
  Max Mhz: 2300, Current Mhz: 1700, Mhz Limit: 1679
Processor Information for processor 16
  Max Mhz: 2300, Current Mhz: 1700, Mhz Limit: 1679
Processor Information for processor 17
  Max Mhz: 2300, Current Mhz: 1700, Mhz Limit: 1679
Processor Information for processor 18
  Max Mhz: 2300, Current Mhz: 1700, Mhz Limit: 1679
Processor Information for processor 19
  Max Mhz: 2300, Current Mhz: 1700, Mhz Limit: 1679

Memory: 4k page, system-wide physical 16049M (5121M free)
TotalPageFile size 65201M (AvailPageFile size 333M)
current process WorkingSet (physical memory assigned to process): 240M, peak: 245M
current process commit charge ("private bytes"): 5378M, peak: 5836M

vm_info: OpenJDK 64-Bit Server VM (21.0.10+7-LTS) for windows-amd64 JRE (21.0.10+7-LTS), built on 2026-01-15T18:39:42Z by "MicrosoftCorporation" with MS VC++ 17.14 (VS2022)

END.
